"income_group","customer_key","year_birth","age_in_2014","generation","education","marital_status","living_situation","income","kidhome","teenhome","dt_customer","is_parent","household_size"
"High Income","101573","1983","31","Millennial","PhD","Married","Partner","86580","0","0","2013-02-27 00:00:00","false","2"
"High Income","100948","1978","36","Gen X","PhD","Married","Partner","82170","0","0","2013-11-25 00:00:00","false","2"
"High Income","100163","1973","41","Gen X","PhD","Married","Partner","157243","0","1","2014-01-03 00:00:00","true","3"
"High Income","100242","1972","42","Gen X","Graduate","Married","Partner","80134","1","0","2013-05-20 00:00:00","true","3"
"High Income","101313","1948","66","Baby Boomer","Graduate","Married","Partner","92344","0","0","2014-01-15 00:00:00","false","2"
"High Income","100528","1982","32","Millennial","PhD","Married","Partner","84169","0","0","2013-07-08 00:00:00","false","2"
"High Income","101879","1947","67","Baby Boomer","Undergraduate","Married","Partner","81044","0","0","2013-12-27 00:00:00","false","2"
"High Income","100814","1960","54","Baby Boomer","Undergraduate","Married","Partner","82504","0","0","2013-07-27 00:00:00","false","2"
"High Income","101045","1973","41","Gen X","PhD","Married","Partner","85844","0","0","2014-05-29 00:00:00","false","2"
"High Income","101585","1986","28","Millennial","Graduate","Married","Partner","83512","0","0","2014-06-17 00:00:00","false","2"
"High Income","100592","1965","49","Gen X","Graduate","Married","Partner","81168","0","0","2014-07-05 00:00:00","false","2"
"High Income","101255","1960","54","Baby Boomer","Master","Married","Partner","81843","0","0","2013-04-22 00:00:00","false","2"
"High Income","101588","1966","48","Gen X","Graduate","Married","Partner","80398","0","0","2012-10-11 00:00:00","false","2"
"High Income","100821","1957","57","Baby Boomer","Undergraduate","Married","Partner","82347","0","0","2012-06-11 00:00:00","false","2"
"High Income","101489","1956","58","Baby Boomer","Master","Married","Partner","90226","0","0","2012-09-26 00:00:00","false","2"
"High Income","100029","1965","49","Gen X","PhD","Married","Partner","84618","0","0","2013-11-22 00:00:00","false","2"
"High Income","101595","1983","31","Millennial","PhD","Married","Partner","92491","0","0","2013-01-05 00:00:00","false","2"
"High Income","100700","1955","59","Baby Boomer","Graduate","Married","Partner","80395","0","0","2013-11-23 00:00:00","false","2"
"High Income","101908","1992","22","Millennial","Undergraduate","Married","Partner","87000","0","0","2012-12-15 00:00:00","false","2"
"High Income","101243","1965","49","Gen X","PhD","Married","Partner","81051","0","0","2014-05-23 00:00:00","false","2"
"High Income","100539","1949","65","Baby Boomer","Master","Married","Partner","81698","0","0","2013-06-11 00:00:00","false","2"
"High Income","100828","1989","25","Millennial","Undergraduate","Married","Partner","85710","0","0","2013-05-05 00:00:00","false","2"
"High Income","101919","1976","38","Gen X","Master","Married","Partner","81929","1","0","2012-09-29 00:00:00","true","3"
"High Income","100415","1986","28","Millennial","Graduate","Married","Partner","92910","0","0","2014-04-24 00:00:00","false","2"
"High Income","101616","1952","62","Baby Boomer","Graduate","Married","Partner","81795","0","0","2012-10-26 00:00:00","false","2"
"High Income","101619","1949","65","Baby Boomer","PhD","Married","Partner","80360","0","0","2013-03-03 00:00:00","false","2"
"High Income","100174","1975","39","Gen X","PhD","Married","Partner","80427","0","1","2012-12-09 00:00:00","true","3"
"High Income","100763","1957","57","Baby Boomer","PhD","Married","Partner","82017","0","0","2012-07-11 00:00:00","false","2"
"High Income","100175","1948","66","Baby Boomer","PhD","Married","Partner","83837","0","0","2012-12-16 00:00:00","false","2"
"High Income","100103","1959","55","Baby Boomer","Graduate","Married","Partner","87195","0","0","2014-08-05 00:00:00","false","2"
"High Income","100040","1980","34","","Graduate","Married","Partner","80011","0","1","2013-04-29 00:00:00","true","3"
"High Income","100412","1974","40","Gen X","Master","Married","Partner","82584","0","0","2013-04-06 00:00:00","false","2"
"High Income","100413","1941","73","Silent Generation","PhD","Married","Partner","93027","0","0","2013-04-13 00:00:00","false","2"
"High Income","101943","1986","28","Millennial","PhD","Married","Partner","82333","0","0","2013-03-30 00:00:00","false","2"
"High Income","101947","1949","65","Baby Boomer","PhD","Married","Partner","156924","0","0","2013-08-29 00:00:00","false","2"
"High Income","101786","1974","40","Gen X","Master","Married","Partner","83891","0","1","2014-06-20 00:00:00","true","3"
"High Income","100115","1970","44","Gen X","Graduate","Married","Partner","90765","0","0","2014-01-24 00:00:00","false","2"
"High Income","100141","1962","52","Baby Boomer","Graduate","Married","Partner","86111","0","0","2013-04-19 00:00:00","false","2"
"High Income","100262","1963","51","Baby Boomer","Graduate","Married","Partner","80124","0","0","2014-06-26 00:00:00","false","2"
"High Income","100930","1973","41","Gen X","Graduate","Married","Partner","92955","0","0","2013-08-19 00:00:00","false","2"
"High Income","100725","1969","45","Gen X","Graduate","Married","Partner","80952","0","0","2013-02-28 00:00:00","false","2"
"High Income","100214","1948","66","Baby Boomer","Master","Married","Partner","83790","0","0","2013-11-15 00:00:00","false","2"
"High Income","101385","1969","45","Gen X","PhD","Married","Partner","94871","0","2","2012-01-09 00:00:00","true","4"
"High Income","100934","1988","26","Millennial","Graduate","Married","Partner","84219","0","0","2014-02-02 00:00:00","false","2"
"High Income","101816","1951","63","Baby Boomer","Graduate","Married","Partner","94642","0","0","2014-12-02 00:00:00","false","2"
"High Income","100717","1964","50","","Graduate","Married","Partner","82224","0","0","2014-01-25 00:00:00","false","2"
"High Income","101979","1984","30","Millennial","Graduate","Married","Partner","90000","0","0","2013-12-23 00:00:00","false","2"
"High Income","101335","1944","70","Silent Generation","Graduate","Married","Partner","80589","0","0","2014-01-22 00:00:00","false","2"
"High Income","101662","1956","58","Baby Boomer","Graduate","Married","Partner","90369","0","0","2014-04-28 00:00:00","false","2"
"High Income","101550","1986","28","Millennial","Master","Married","Partner","80141","0","0","2013-11-01 00:00:00","false","2"
"High Income","100504","1944","70","Silent Generation","Master","Married","Partner","80184","0","0","2014-01-03 00:00:00","false","2"
"High Income","100286","1980","34","","Graduate","Married","Partner","82497","0","0","2012-10-31 00:00:00","false","2"
"High Income","101828","1980","34","","Undergraduate","Married","Partner","96547","0","0","2014-05-23 00:00:00","false","2"
"High Income","100653","1963","51","Baby Boomer","PhD","Married","Partner","81300","0","1","2012-10-30 00:00:00","true","3"
"High Income","100939","1962","52","Baby Boomer","Graduate","Married","Partner","83715","0","0","2014-03-02 00:00:00","false","2"
"High Income","100664","1982","32","Millennial","PhD","Married","Partner","160803","0","0","2012-04-08 00:00:00","false","2"
"High Income","101680","1958","56","Baby Boomer","Master","Married","Partner","80739","0","0","2013-05-23 00:00:00","false","2"
"High Income","101997","1956","58","Baby Boomer","PhD","Married","Partner","84117","0","0","2014-11-05 00:00:00","false","2"
"High Income","100194","1954","60","Baby Boomer","Graduate","Married","Partner","80067","0","0","2013-09-19 00:00:00","false","2"
"High Income","101687","1970","44","Gen X","PhD","Married","Partner","80336","0","0","2013-09-09 00:00:00","false","2"
"High Income","100108","1960","54","Baby Boomer","Master","Married","Partner","89058","0","0","2012-07-12 00:00:00","false","2"
"High Income","101695","1975","39","Gen X","PhD","Married","Partner","86836","0","0","2012-12-09 00:00:00","false","2"
"High Income","100796","1954","60","Baby Boomer","Graduate","Married","Partner","93404","1","2","2013-07-05 00:00:00","true","5"
"High Income","100867","1958","56","Baby Boomer","Graduate","Married","Partner","81320","0","0","2013-06-02 00:00:00","false","2"
"High Income","100195","1954","60","Baby Boomer","Graduate","Married","Partner","86718","0","0","2013-01-17 00:00:00","false","2"
"High Income","100946","1950","64","Baby Boomer","Graduate","Married","Partner","80763","0","0","2013-08-15 00:00:00","false","2"
"High Income","100299","1961","53","Baby Boomer","Master","Married","Partner","80950","0","0","2013-03-28 00:00:00","false","2"
"High Income","101269","1978","36","Gen X","Master","Married","Partner","88097","1","0","2012-08-18 00:00:00","true","3"
"High Income","101349","1985","29","Millennial","Graduate","Married","Partner","92533","0","0","2013-12-19 00:00:00","false","2"
"High Income","101226","1972","42","Gen X","Master","Married","Partner","83151","0","0","2013-10-02 00:00:00","false","2"
"High Income","100575","1975","39","Gen X","Master","Married","Partner","92163","0","0","2012-12-12 00:00:00","false","2"
"High Income","101031","1981","33","Millennial","PhD","Married","Partner","87171","0","0","2013-01-05 00:00:00","false","2"
"Low Income","100020","1982","32","Millennial","Graduate","Married","Partner","37040","0","0","2012-08-08 00:00:00","false","2"
"Low Income","100443","1972","42","Gen X","Graduate","Married","Partner","38988","1","2","2012-08-20 00:00:00","true","5"
"Low Income","101448","1987","27","Millennial","Undergraduate","Married","Partner","30390","0","0","2013-02-09 00:00:00","false","2"
"Low Income","101451","1975","39","Gen X","Undergraduate","Married","Partner","37284","1","1","2013-03-29 00:00:00","true","4"
"Low Income","100858","1973","41","Gen X","Graduate","Married","Partner","31814","1","0","2013-09-02 00:00:00","true","3"
"Low Income","100021","1979","35","Gen X","Graduate","Married","Partner","2447","1","0","2013-06-01 00:00:00","true","3"
"Low Income","101455","1967","47","Gen X","Master","Married","Partner","37054","1","1","2013-09-15 00:00:00","true","4"
"Low Income","101460","1988","26","Millennial","Graduate","Married","Partner","24645","1","0","2012-01-11 00:00:00","true","3"
"Low Income","100865","1974","40","Gen X","PhD","Married","Partner","37087","1","0","2013-11-08 00:00:00","true","3"
"Low Income","100241","1964","50","","PhD","Married","Partner","31686","1","1","2014-05-06 00:00:00","true","4"
"Low Income","101468","1986","28","Millennial","Master","Married","Partner","27161","1","0","2013-10-28 00:00:00","true","3"
"Low Income","100880","1972","42","Gen X","Master","Married","Partner","35641","1","0","2013-07-14 00:00:00","true","3"
"Low Income","101479","1980","34","","Graduate","Married","Partner","34968","1","0","2013-10-04 00:00:00","true","3"
"Low Income","100889","1948","66","Baby Boomer","PhD","Married","Partner","34469","1","1","2014-04-05 00:00:00","true","4"
"Low Income","100451","1975","39","Gen X","Graduate","Married","Partner","33183","1","0","2014-02-24 00:00:00","true","3"
"Low Income","101487","1975","39","Gen X","PhD","Married","Partner","36663","1","0","2014-04-25 00:00:00","true","3"
"Low Income","100037","1976","38","Gen X","Undergraduate","Married","Partner","23718","1","0","2013-02-09 00:00:00","true","3"
"Low Income","101492","1961","53","Baby Boomer","Graduate","Married","Partner","27116","1","1","2014-02-03 00:00:00","true","4"
"Low Income","100898","1989","25","Millennial","High School","Married","Partner","25443","1","0","2012-12-22 00:00:00","true","3"
"Low Income","100074","1952","62","Baby Boomer","Graduate","Married","Partner","28332","0","0","2014-04-30 00:00:00","false","2"
"Low Income","100458","1980","34","","Graduate","Married","Partner","37406","1","0","2013-10-10 00:00:00","true","3"
"Low Income","100460","1978","36","Gen X","Graduate","Married","Partner","38415","1","1","2013-02-01 00:00:00","true","4"
"Low Income","101498","1978","36","Gen X","Undergraduate","Married","Partner","12393","0","0","2012-04-12 00:00:00","false","2"
"Low Income","100919","1976","38","Gen X","PhD","Married","Partner","16927","1","1","2013-10-02 00:00:00","true","4"
"Low Income","101506","1971","43","Gen X","Graduate","Married","Partner","18793","1","0","2013-12-01 00:00:00","true","3"
"Low Income","100259","1978","36","Gen X","PhD","Married","Partner","37717","1","0","2012-11-23 00:00:00","true","3"
"Low Income","100261","1966","48","Gen X","Master","Married","Partner","38179","1","1","2013-03-14 00:00:00","true","4"
"Low Income","100931","1973","41","Gen X","Graduate","Married","Partner","33471","1","0","2012-12-10 00:00:00","true","3"
"Low Income","100932","1974","40","Gen X","PhD","Married","Partner","34596","1","0","2013-04-13 00:00:00","true","3"
"Low Income","101531","1982","32","Millennial","Graduate","Married","Partner","22448","1","0","2014-02-26 00:00:00","true","3"
"Low Income","100936","1988","26","Millennial","Undergraduate","Married","Partner","15716","1","0","2012-12-11 00:00:00","true","3"
"Low Income","101547","1959","55","Baby Boomer","PhD","Married","Partner","36732","1","1","2013-12-29 00:00:00","true","4"
"Low Income","101553","1975","39","Gen X","Graduate","Married","Partner","27573","1","0","2013-03-25 00:00:00","true","3"
"Low Income","100941","1952","62","Baby Boomer","Graduate","Married","Partner","35704","1","1","2014-03-01 00:00:00","true","4"
"Low Income","101556","1980","34","","Graduate","Married","Partner","33228","1","0","2014-01-23 00:00:00","true","3"
"Low Income","101559","1955","59","Baby Boomer","PhD","Married","Partner","22554","1","1","2012-03-11 00:00:00","true","4"
"Low Income","101560","1983","31","Millennial","PhD","Married","Partner","23536","1","0","2014-04-06 00:00:00","true","3"
"Low Income","100467","1973","41","Gen X","Master","Married","Partner","38961","1","0","2013-12-30 00:00:00","true","3"
"Low Income","101568","1985","29","Millennial","PhD","Married","Partner","18169","1","0","2013-02-19 00:00:00","true","3"
"Low Income","101570","1990","24","Millennial","Graduate","Married","Partner","18222","0","0","2012-12-31 00:00:00","false","2"
"Low Income","101580","1984","30","Millennial","PhD","Married","Partner","38175","1","0","2013-09-23 00:00:00","true","3"
"Low Income","100263","1970","44","Gen X","PhD","Married","Partner","38097","1","1","2012-10-15 00:00:00","true","4"
"Low Income","100953","1972","42","Gen X","Undergraduate","Married","Partner","24884","1","0","2012-11-29 00:00:00","true","3"
"Low Income","100136","1959","55","Baby Boomer","PhD","Married","Partner","33762","2","1","2013-07-07 00:00:00","true","5"
"Low Income","101591","1977","37","Gen X","Graduate","Married","Partner","22108","1","1","2014-08-05 00:00:00","true","4"
"Low Income","100474","1969","45","Gen X","Graduate","Married","Partner","14045","1","0","2014-01-26 00:00:00","true","3"
"Low Income","101594","1979","35","Gen X","Graduate","Married","Partner","17688","1","0","2013-01-13 00:00:00","true","3"
"Low Income","100964","1954","60","Baby Boomer","PhD","Married","Partner","36930","0","1","2013-05-17 00:00:00","true","3"
"Low Income","100269","1960","54","Baby Boomer","Graduate","Married","Partner","29315","1","1","2014-06-04 00:00:00","true","4"
"Low Income","100972","1971","43","Gen X","Master","Married","Partner","38196","1","1","2014-04-18 00:00:00","true","4"
"Low Income","100488","1990","24","Millennial","High School","Married","Partner","24279","0","0","2012-12-29 00:00:00","false","2"
"Low Income","100276","1981","33","Millennial","High School","Married","Partner","24480","1","0","2013-11-02 00:00:00","true","3"
"Low Income","101625","1955","59","Baby Boomer","PhD","Married","Partner","38725","1","1","2014-10-05 00:00:00","true","4"
"Low Income","100976","1973","41","Gen X","Graduate","Married","Partner","32300","1","0","2013-03-01 00:00:00","true","3"
"Low Income","100978","1973","41","Gen X","Graduate","Married","Partner","34961","1","0","2014-06-19 00:00:00","true","3"
"Low Income","100982","1978","36","Gen X","Graduate","Married","Partner","17345","1","0","2012-03-11 00:00:00","true","3"
"Low Income","101631","1986","28","Millennial","Undergraduate","Married","Partner","21955","1","0","2013-07-09 00:00:00","true","3"
"Low Income","100991","1977","37","Gen X","Undergraduate","Married","Partner","31056","1","0","2013-01-22 00:00:00","true","3"
"Low Income","100995","1971","43","Gen X","PhD","Married","Partner","37126","1","0","2014-03-30 00:00:00","true","3"
"Low Income","101638","1977","37","Gen X","PhD","Married","Partner","28973","0","0","2012-10-13 00:00:00","false","2"
"Low Income","100493","1992","22","Millennial","Graduate","Married","Partner","34935","0","0","2013-06-21 00:00:00","false","2"
"Low Income","100279","1974","40","Gen X","Graduate","Married","Partner","30631","1","0","2013-12-07 00:00:00","true","3"
"Low Income","100998","1954","60","Baby Boomer","Graduate","Married","Partner","38998","1","1","2012-03-11 00:00:00","true","4"
"Low Income","101652","1960","54","Baby Boomer","Master","Married","Partner","28520","1","1","2013-06-14 00:00:00","true","4"
"Low Income","101003","1966","48","Gen X","Master","Married","Partner","33585","0","1","2013-09-25 00:00:00","true","3"
"Low Income","100501","1961","53","Baby Boomer","Graduate","Married","Partner","36443","1","1","2013-03-02 00:00:00","true","4"
"Low Income","101677","1969","45","Gen X","Graduate","Married","Partner","25293","1","0","2013-09-15 00:00:00","true","3"
"Low Income","101010","1983","31","Millennial","Master","Married","Partner","27100","1","0","2013-05-04 00:00:00","true","3"
"Low Income","100081","1969","45","Gen X","Graduate","Married","Partner","26304","1","0","2013-06-23 00:00:00","true","3"
"Low Income","101696","1963","51","Baby Boomer","PhD","Married","Partner","4023","1","1","2014-06-23 00:00:00","true","4"
"Low Income","101697","1990","24","Millennial","Graduate","Married","Partner","30093","0","0","2013-08-07 00:00:00","false","2"
"Low Income","100509","1987","27","Millennial","Graduate","Married","Partner","25545","1","0","2012-08-09 00:00:00","true","3"
"Low Income","100510","1986","28","Millennial","Graduate","Married","Partner","32880","1","0","2012-04-12 00:00:00","true","3"
"Low Income","101021","1961","53","Baby Boomer","Graduate","Married","Partner","16860","1","1","2012-12-09 00:00:00","true","4"
"Low Income","100145","1975","39","Gen X","Graduate","Married","Partner","23957","1","0","2012-10-28 00:00:00","true","3"
"Low Income","101028","1953","61","Baby Boomer","Graduate","Married","Partner","39722","0","1","2014-02-24 00:00:00","true","3"
"Low Income","101729","1969","45","Gen X","PhD","Married","Partner","30396","1","0","2014-04-30 00:00:00","true","3"
"Low Income","100305","1967","47","Gen X","Graduate","Married","Partner","22574","2","1","2013-10-28 00:00:00","true","5"
"Low Income","101036","1971","43","Gen X","Graduate","Married","Partner","36715","1","0","2012-11-17 00:00:00","true","3"
"Low Income","101739","1985","29","Millennial","Graduate","Married","Partner","31158","1","0","2013-01-27 00:00:00","true","3"
"Low Income","100530","1990","24","Millennial","Undergraduate","Married","Partner","24683","1","0","2014-08-03 00:00:00","true","3"
"Low Income","100147","1973","41","Gen X","Undergraduate","Married","Partner","35688","2","1","2012-08-22 00:00:00","true","5"
"Low Income","101752","1959","55","Baby Boomer","Graduate","Married","Partner","35701","0","0","2013-03-19 00:00:00","false","2"
"Low Income","101753","1980","34","","Master","Married","Partner","31535","1","0","2013-09-26 00:00:00","true","3"
"Low Income","100533","1968","46","Gen X","Graduate","Married","Partner","19514","1","1","2014-01-26 00:00:00","true","4"
"Low Income","100534","1973","41","Gen X","Master","Married","Partner","27159","1","1","2014-03-29 00:00:00","true","4"
"Low Income","101765","1977","37","Gen X","Master","Married","Partner","22701","1","0","2013-05-09 00:00:00","true","3"
"Low Income","101055","1986","28","Millennial","Graduate","Married","Partner","38508","1","0","2013-02-08 00:00:00","true","3"
"Low Income","101057","1972","42","Gen X","Graduate","Married","Partner","30023","1","0","2014-03-24 00:00:00","true","3"
"Low Income","100538","1963","51","Baby Boomer","Graduate","Married","Partner","22419","0","0","2013-04-18 00:00:00","false","2"
"Low Income","101771","1982","32","Millennial","Master","Married","Partner","21059","1","0","2014-07-01 00:00:00","true","3"
"Low Income","101772","1968","46","Gen X","Master","Married","Partner","29543","2","0","2014-01-04 00:00:00","true","4"
"Low Income","100082","1973","41","Gen X","Undergraduate","Married","Partner","23559","1","0","2013-03-07 00:00:00","true","3"
"Low Income","101777","1959","55","Baby Boomer","Master","Married","Partner","34242","0","1","2014-03-23 00:00:00","true","3"
"Low Income","101778","1973","41","Gen X","Graduate","Married","Partner","25410","1","0","2013-08-31 00:00:00","true","3"
"Low Income","101067","1983","31","Millennial","PhD","Married","Partner","33569","1","0","2013-10-16 00:00:00","true","3"
"Low Income","101068","1983","31","Millennial","Master","Married","Partner","36262","0","0","2013-09-20 00:00:00","false","2"
"Low Income","101783","1976","38","Gen X","Master","Married","Partner","34529","1","0","2012-09-14 00:00:00","true","3"
"Low Income","100543","1970","44","Gen X","Undergraduate","Married","Partner","15315","0","0","2013-03-08 00:00:00","false","2"
"Low Income","101072","1979","35","Gen X","PhD","Married","Partner","31605","1","0","2012-11-22 00:00:00","true","3"
"Low Income","100545","1978","36","Gen X","Graduate","Married","Partner","33039","1","0","2013-09-09 00:00:00","true","3"
"Low Income","100084","1960","54","Baby Boomer","Graduate","Married","Partner","29440","1","1","2013-11-08 00:00:00","true","4"
"Low Income","100312","1951","63","Baby Boomer","Graduate","Married","Partner","30833","1","1","2013-07-16 00:00:00","true","4"
"Low Income","101810","1969","45","Gen X","Graduate","Married","Partner","4428","0","1","2013-05-10 00:00:00","true","3"
"Low Income","101811","1963","51","Baby Boomer","Undergraduate","Married","Partner","32632","0","0","2012-02-08 00:00:00","false","2"
"Low Income","101813","1979","35","Gen X","Graduate","Married","Partner","36781","1","0","2014-10-04 00:00:00","true","3"
"Low Income","101815","1984","30","Millennial","Graduate","Married","Partner","24570","1","0","2013-02-27 00:00:00","true","3"
"Low Income","101087","1968","46","Gen X","PhD","Married","Partner","36778","1","1","2012-05-08 00:00:00","true","4"
"Low Income","100556","1968","46","Gen X","PhD","Married","Partner","38443","1","1","2014-01-27 00:00:00","true","4"
"Low Income","101090","1989","25","Millennial","Graduate","Married","Partner","37155","1","0","2013-01-31 00:00:00","true","3"
"Low Income","101821","1986","28","Millennial","Graduate","Married","Partner","23477","1","0","2013-10-21 00:00:00","true","3"
"Low Income","100559","1981","33","Millennial","Master","Married","Partner","36959","1","0","2013-02-10 00:00:00","true","3"
"Low Income","101824","1971","43","Gen X","Master","Married","Partner","39791","0","1","2013-03-28 00:00:00","true","3"
"Low Income","101101","1979","35","Gen X","Graduate","Married","Partner","7500","0","1","2012-08-29 00:00:00","true","3"
"Low Income","101831","1973","41","Gen X","PhD","Married","Partner","32644","1","0","2013-01-16 00:00:00","true","3"
"Low Income","101835","1970","44","Gen X","Graduate","Married","Partner","22979","1","0","2012-06-09 00:00:00","true","3"
"Low Income","101837","1977","37","Gen X","Graduate","Married","Partner","30368","0","1","2013-07-11 00:00:00","true","3"
"Low Income","100085","1970","44","Gen X","Master","Married","Partner","36138","1","1","2013-07-16 00:00:00","true","4"
"Low Income","101845","1981","33","Millennial","High School","Married","Partner","34445","0","0","2013-01-27 00:00:00","false","2"
"Low Income","101847","1983","31","Millennial","Graduate","Married","Partner","36790","0","0","2013-01-03 00:00:00","false","2"
"Low Income","100315","1974","40","Gen X","Graduate","Married","Partner","34421","1","0","2013-01-07 00:00:00","true","3"
"Low Income","100562","1970","44","Gen X","Graduate","Married","Partner","13260","1","1","2013-08-23 00:00:00","true","4"
"Low Income","100041","1985","29","Millennial","Master","Married","Partner","20559","1","0","2013-12-03 00:00:00","true","3"
"Low Income","100567","1951","63","Baby Boomer","Master","Married","Partner","27450","0","0","2013-04-15 00:00:00","false","2"
"Low Income","101856","1979","35","Gen X","Master","Married","Partner","32765","1","0","2014-02-23 00:00:00","true","3"
"Low Income","100321","1984","30","Millennial","Graduate","Married","Partner","27255","1","0","2013-07-11 00:00:00","true","3"
"Low Income","101862","1976","38","Gen X","Graduate","Married","Partner","17649","1","0","2013-12-11 00:00:00","true","3"
"Low Income","100161","1984","30","Millennial","Graduate","Married","Partner","23228","1","0","2014-05-01 00:00:00","true","3"
"Low Income","101868","1984","30","Millennial","Graduate","Married","Partner","38680","1","0","2013-03-28 00:00:00","true","3"
"Low Income","101872","1981","33","Millennial","Graduate","Married","Partner","29009","1","0","2013-11-29 00:00:00","true","3"
"Low Income","101874","1971","43","Gen X","Graduate","Married","Partner","37150","1","0","2012-11-09 00:00:00","true","3"
"Low Income","100582","1978","36","Gen X","Undergraduate","Married","Partner","26224","1","0","2013-04-06 00:00:00","true","3"
"Low Income","101118","1996","18","","High School","Married","Partner","14421","0","0","2014-02-17 00:00:00","false","2"
"Low Income","101880","1951","63","Baby Boomer","Graduate","Married","Partner","32871","1","1","2013-09-03 00:00:00","true","4"
"Low Income","100327","1971","43","Gen X","Master","Married","Partner","35178","1","0","2013-10-01 00:00:00","true","3"
"Low Income","100591","1975","39","Gen X","High School","Married","Partner","30801","0","1","2012-10-26 00:00:00","true","3"
"Low Income","101894","1984","30","Millennial","Graduate","Married","Partner","31761","1","0","2014-05-04 00:00:00","true","3"
"Low Income","101123","1952","62","Baby Boomer","Master","Married","Partner","33444","1","1","2012-03-11 00:00:00","true","4"
"Low Income","100595","1973","41","Gen X","High School","Married","Partner","18978","1","0","2012-11-12 00:00:00","true","3"
"Low Income","101900","1977","37","Gen X","Master","Married","Partner","27889","1","0","2013-05-07 00:00:00","true","3"
"Low Income","100331","1972","42","Gen X","Graduate","Married","Partner","30675","1","0","2012-12-11 00:00:00","true","3"
"Low Income","101904","1973","41","Gen X","Graduate","Married","Partner","27803","1","0","2012-08-26 00:00:00","true","3"
"Low Income","100601","1960","54","Baby Boomer","Master","Married","Partner","30522","0","1","2012-08-17 00:00:00","true","3"
"Low Income","100170","1982","32","Millennial","Graduate","Married","Partner","28718","1","0","2013-07-13 00:00:00","true","3"
"Low Income","101911","1971","43","Gen X","Master","Married","Partner","34109","0","1","2013-06-11 00:00:00","true","3"
"Low Income","100044","1975","39","Gen X","Master","Married","Partner","7500","1","0","2013-02-10 00:00:00","true","3"
"Low Income","100607","1976","38","Gen X","Graduate","Married","Partner","13624","1","0","2013-01-20 00:00:00","true","3"
"Low Income","100342","1976","38","Gen X","Master","Married","Partner","33181","1","0","2014-03-01 00:00:00","true","3"
"Low Income","101922","1984","30","Millennial","Undergraduate","Married","Partner","14796","1","0","2012-09-17 00:00:00","true","3"
"Low Income","101924","1972","42","Gen X","High School","Married","Partner","14188","0","0","2013-02-28 00:00:00","false","2"
"Low Income","100176","1970","44","Gen X","PhD","Married","Partner","38853","1","1","2014-05-23 00:00:00","true","4"
"Low Income","101934","1981","33","Millennial","Undergraduate","Married","Partner","27733","1","0","2013-08-26 00:00:00","true","3"
"Low Income","100093","1970","44","Gen X","PhD","Married","Partner","23626","1","0","2014-05-24 00:00:00","true","3"
"Low Income","101150","1990","24","Millennial","Graduate","Married","Partner","18351","0","0","2013-10-29 00:00:00","false","2"
"Low Income","101948","1980","34","","High School","Married","Partner","16005","1","0","2012-08-14 00:00:00","true","3"
"Low Income","100179","1988","26","Millennial","Undergraduate","Married","Partner","16248","1","0","2014-10-05 00:00:00","true","3"
"Low Income","101955","1971","43","Gen X","Graduate","Married","Partner","35788","1","1","2014-01-23 00:00:00","true","4"
"Low Income","101957","1957","57","Baby Boomer","Graduate","Married","Partner","23539","0","0","2014-02-28 00:00:00","false","2"
"Low Income","101163","1973","41","Gen X","Graduate","Married","Partner","26228","1","0","2013-09-22 00:00:00","true","3"
"Low Income","100641","1980","34","","High School","Married","Partner","25965","0","0","2012-07-09 00:00:00","false","2"
"Low Income","100643","1959","55","Baby Boomer","Graduate","Married","Partner","18690","0","0","2012-12-28 00:00:00","false","2"
"Low Income","101966","1976","38","Gen X","Graduate","Married","Partner","17148","1","0","2014-01-28 00:00:00","true","3"
"Low Income","101967","1983","31","Millennial","Undergraduate","Married","Partner","32146","1","0","2014-12-05 00:00:00","true","3"
"Low Income","101169","1986","28","Millennial","Graduate","Married","Partner","22518","1","0","2012-10-22 00:00:00","true","3"
"Low Income","100646","1968","46","Gen X","PhD","Married","Partner","29187","1","0","2013-09-05 00:00:00","true","3"
"Low Income","101171","1955","59","Baby Boomer","Master","Married","Partner","38452","1","1","2014-03-30 00:00:00","true","4"
"Low Income","100094","1983","31","Millennial","Graduate","Married","Partner","30096","1","0","2014-05-22 00:00:00","true","3"
"Low Income","100181","1984","30","Millennial","Master","Married","Partner","30477","1","0","2014-01-22 00:00:00","true","3"
"Low Income","100355","1978","36","Gen X","Graduate","Married","Partner","28442","2","0","2014-02-24 00:00:00","true","4"
"Low Income","101990","1974","40","Gen X","Graduate","Married","Partner","26067","1","0","2013-04-11 00:00:00","true","3"
"Low Income","100652","1974","40","Gen X","Graduate","Married","Partner","26751","2","0","2014-05-22 00:00:00","true","4"
"Low Income","100655","1985","29","Millennial","Undergraduate","Married","Partner","36145","1","0","2013-06-16 00:00:00","true","3"
"Low Income","100182","1961","53","Baby Boomer","High School","Married","Partner","28249","0","0","2014-06-15 00:00:00","false","2"
"Low Income","101999","1972","42","Gen X","High School","Married","Partner","25224","1","0","2014-03-16 00:00:00","true","3"
"Low Income","102002","1947","67","Baby Boomer","Graduate","Married","Partner","27469","0","0","2012-02-08 00:00:00","false","2"
"Low Income","100183","1983","31","Millennial","Graduate","Married","Partner","25271","1","0","2012-05-12 00:00:00","true","3"
"Low Income","100685","1986","28","Millennial","Graduate","Married","Partner","25252","1","0","2013-12-07 00:00:00","true","3"
"Low Income","102008","1975","39","Gen X","Graduate","Married","Partner","37085","1","1","2014-06-26 00:00:00","true","4"
"Low Income","101198","1976","38","Gen X","Graduate","Married","Partner","39356","1","1","2014-03-19 00:00:00","true","4"
"Low Income","101202","1960","54","Baby Boomer","Graduate","Married","Partner","31454","1","1","2013-06-07 00:00:00","true","4"
"Low Income","102021","1976","38","Gen X","Graduate","Married","Partner","5305","0","1","2013-07-30 00:00:00","true","3"
"Low Income","100362","1984","30","Millennial","Undergraduate","Married","Partner","35684","1","0","2014-04-22 00:00:00","true","3"
"Low Income","102026","1963","51","Baby Boomer","Master","Married","Partner","33562","1","2","2014-06-25 00:00:00","true","5"
"Low Income","100046","1996","18","","Undergraduate","Married","Partner","7500","0","0","2012-09-11 00:00:00","false","2"
"Low Income","102031","1972","42","Gen X","Graduate","Married","Partner","24434","2","0","2014-05-18 00:00:00","true","4"
"Low Income","100372","1969","45","Gen X","PhD","Married","Partner","33581","2","0","2013-08-01 00:00:00","true","4"
"Low Income","100373","1985","29","Millennial","Graduate","Married","Partner","19986","1","0","2013-11-14 00:00:00","true","3"
"Low Income","100697","1984","30","Millennial","PhD","Married","Partner","18988","1","0","2014-05-23 00:00:00","true","3"
"Low Income","101214","1975","39","Gen X","Master","Married","Partner","37368","1","0","2013-12-16 00:00:00","true","3"
"Low Income","100699","1976","38","Gen X","Graduate","Married","Partner","7500","1","0","2012-01-08 00:00:00","true","3"
"Low Income","101220","1957","57","Baby Boomer","PhD","Married","Partner","37633","1","1","2012-09-20 00:00:00","true","4"
"Low Income","101222","1951","63","Baby Boomer","High School","Married","Partner","26997","0","0","2012-05-11 00:00:00","false","2"
"Low Income","100014","1987","27","Millennial","Graduate","Married","Partner","17323","0","0","2012-10-10 00:00:00","false","2"
"Low Income","100007","1985","29","Millennial","PhD","Married","Partner","33454","1","0","2013-08-05 00:00:00","true","3"
"Low Income","100190","1988","26","Millennial","Graduate","Married","Partner","38872","1","0","2013-05-30 00:00:00","true","3"
"Low Income","101228","1956","58","Baby Boomer","Graduate","Married","Partner","15759","0","0","2013-05-09 00:00:00","false","2"
"Low Income","100711","1989","25","Millennial","High School","Married","Partner","17487","1","0","2013-03-18 00:00:00","true","3"
"Low Income","101238","1985","29","Millennial","Undergraduate","Married","Partner","23148","0","0","2014-02-18 00:00:00","false","2"
"Low Income","100719","1975","39","Gen X","Undergraduate","Married","Partner","17003","1","0","2013-09-12 00:00:00","true","3"
"Low Income","100192","1977","37","Gen X","Graduate","Married","Partner","31353","1","1","2013-12-29 00:00:00","true","4"
"Low Income","100011","1976","38","Gen X","High School","Married","Partner","7500","0","0","2012-11-13 00:00:00","false","2"
"Low Income","101259","1974","40","Gen X","High School","Married","Partner","18393","1","0","2014-03-29 00:00:00","true","3"
"Low Income","100731","1959","55","Baby Boomer","PhD","Married","Partner","38829","0","1","2014-06-04 00:00:00","true","3"
"Low Income","101261","1982","32","Millennial","Graduate","Married","Partner","24711","0","0","2014-04-18 00:00:00","false","2"
"Low Income","100732","1981","33","Millennial","Undergraduate","Married","Partner","35523","1","0","2013-03-10 00:00:00","true","3"
"Low Income","101265","1979","35","Gen X","Graduate","Married","Partner","27244","1","0","2014-07-03 00:00:00","true","3"
"Low Income","100028","1989","25","Millennial","Graduate","Married","Partner","38360","1","0","2013-05-31 00:00:00","true","3"
"Low Income","101272","1983","31","Millennial","Master","Married","Partner","35876","0","0","2014-04-20 00:00:00","false","2"
"Low Income","100410","1973","41","Gen X","PhD","Married","Partner","37401","1","0","2014-06-05 00:00:00","true","3"
"Low Income","101277","1990","24","Millennial","Graduate","Married","Partner","18929","0","0","2013-02-16 00:00:00","false","2"
"Low Income","101279","1959","55","Baby Boomer","Undergraduate","Married","Partner","26887","0","1","2013-10-02 00:00:00","true","3"
"Low Income","101287","1978","36","Gen X","Graduate","Married","Partner","38136","1","0","2013-04-22 00:00:00","true","3"
"Low Income","101292","1992","22","Millennial","High School","Married","Partner","17256","1","0","2013-11-23 00:00:00","true","3"
"Low Income","101298","1973","41","Gen X","Graduate","Married","Partner","37971","1","0","2013-11-25 00:00:00","true","3"
"Low Income","100745","1972","42","Gen X","Graduate","Married","Partner","33622","1","1","2013-04-13 00:00:00","true","4"
"Low Income","101305","1985","29","Millennial","Graduate","Married","Partner","21355","1","0","2013-08-20 00:00:00","true","3"
"Low Income","101312","1973","41","Gen X","Graduate","Married","Partner","20895","1","0","2012-06-10 00:00:00","true","3"
"Low Income","100755","1972","42","Gen X","Graduate","Married","Partner","30467","1","0","2014-03-19 00:00:00","true","3"
"Low Income","101320","1972","42","Gen X","PhD","Married","Partner","29791","1","0","2014-05-15 00:00:00","true","3"
"Low Income","100757","1986","28","Millennial","High School","Married","Partner","20425","1","0","2012-10-29 00:00:00","true","3"
"Low Income","101326","1953","61","Baby Boomer","Graduate","Married","Partner","37716","0","1","2014-04-21 00:00:00","true","3"
"Low Income","100065","1971","43","Gen X","Graduate","Married","Partner","25721","1","0","2013-05-21 00:00:00","true","3"
"Low Income","101329","1967","47","Gen X","PhD","Married","Partner","36947","1","1","2012-07-08 00:00:00","true","4"
"Low Income","100771","1968","46","Gen X","Graduate","Married","Partner","19329","1","0","2013-12-14 00:00:00","true","3"
"Low Income","100774","1951","63","Baby Boomer","Graduate","Married","Partner","34838","1","1","2013-01-19 00:00:00","true","4"
"Low Income","101339","1972","42","Gen X","Graduate","Married","Partner","36026","2","1","2014-03-16 00:00:00","true","5"
"Low Income","101340","1973","41","Gen X","Graduate","Married","Partner","24639","1","1","2014-01-28 00:00:00","true","4"
"Low Income","101344","1970","44","Gen X","Graduate","Married","Partner","28164","1","0","2013-04-05 00:00:00","true","3"
"Low Income","100116","1978","36","Gen X","Undergraduate","Married","Partner","36550","1","0","2013-02-19 00:00:00","true","3"
"Low Income","101352","1979","35","Gen X","Undergraduate","Married","Partner","31086","1","1","2013-04-05 00:00:00","true","4"
"Low Income","100427","1971","43","Gen X","PhD","Married","Partner","32011","1","0","2013-08-22 00:00:00","true","3"
"Low Income","101356","1949","65","Baby Boomer","Master","Married","Partner","36408","1","1","2013-09-21 00:00:00","true","4"
"Low Income","100428","1986","28","Millennial","Undergraduate","Married","Partner","7500","1","0","2013-07-02 00:00:00","true","3"
"Low Income","100429","1989","25","Millennial","Graduate","Married","Partner","28691","1","0","2013-04-07 00:00:00","true","3"
"Low Income","100220","1980","34","","PhD","Married","Partner","30732","1","0","2013-05-01 00:00:00","true","3"
"Low Income","100782","1981","33","Millennial","Graduate","Married","Partner","26872","0","0","2013-10-16 00:00:00","false","2"
"Low Income","101373","1974","40","Gen X","PhD","Married","Partner","38410","0","0","2012-09-14 00:00:00","false","2"
"Low Income","101377","1986","28","Millennial","Master","Married","Partner","28072","1","0","2013-08-07 00:00:00","true","3"
"Low Income","100431","1946","68","Baby Boomer","Graduate","Married","Partner","18100","0","0","2013-06-08 00:00:00","false","2"
"Low Income","100788","1976","38","Gen X","Graduate","Married","Partner","30772","1","1","2014-12-03 00:00:00","true","4"
"Low Income","101382","1970","44","Gen X","Undergraduate","Married","Partner","23162","1","1","2013-12-21 00:00:00","true","4"
"Low Income","101383","1977","37","Gen X","Graduate","Married","Partner","34380","1","0","2013-02-05 00:00:00","true","3"
"Low Income","100432","1974","40","Gen X","Undergraduate","Married","Partner","20130","0","0","2014-03-17 00:00:00","false","2"
"Low Income","100791","1978","36","Gen X","Undergraduate","Married","Partner","25804","1","0","2013-01-09 00:00:00","true","3"
"Low Income","100793","1972","42","Gen X","Graduate","Married","Partner","22063","1","0","2013-08-08 00:00:00","true","3"
"Low Income","101392","1980","34","","Graduate","Married","Partner","19107","1","0","2013-08-22 00:00:00","true","3"
"Low Income","100804","1967","47","Gen X","Graduate","Married","Partner","35441","1","1","2013-02-14 00:00:00","true","4"
"Low Income","101403","1990","24","Millennial","Graduate","Married","Partner","35765","1","0","2013-11-12 00:00:00","true","3"
"Low Income","100436","1976","38","Gen X","Graduate","Married","Partner","24027","1","0","2013-09-06 00:00:00","true","3"
"Low Income","100121","1985","29","Millennial","Master","Married","Partner","19510","2","0","2013-04-09 00:00:00","true","4"
"Low Income","100813","1981","33","Millennial","Graduate","Married","Partner","19419","1","0","2012-10-11 00:00:00","true","3"
"Low Income","100819","1980","34","","Graduate","Married","Partner","15072","2","0","2013-10-05 00:00:00","true","4"
"Low Income","100825","1973","41","Gen X","Master","Married","Partner","38576","0","1","2014-04-03 00:00:00","true","3"
"Low Income","100232","1975","39","Gen X","Undergraduate","Married","Partner","22212","1","0","2013-09-12 00:00:00","true","3"
"Low Income","101423","1972","42","Gen X","Master","Married","Partner","37787","1","0","2013-09-20 00:00:00","true","3"
"Low Income","100831","1987","27","Millennial","Graduate","Married","Partner","7500","0","0","2013-09-01 00:00:00","false","2"
"Low Income","100846","1983","31","Millennial","Graduate","Married","Partner","39922","1","0","2013-02-14 00:00:00","true","3"
"Low Income","100850","1975","39","Gen X","Graduate","Married","Partner","35797","0","1","2012-10-16 00:00:00","true","3"
"Low Income","101437","1988","26","Millennial","Undergraduate","Married","Partner","23331","1","0","2012-04-09 00:00:00","true","3"
"Middle Income","101480","1987","27","Millennial","Graduate","Married","Partner","75794","0","0","2013-12-24 00:00:00","false","2"
"Middle Income","101481","1955","59","Baby Boomer","Graduate","Married","Partner","74268","0","0","2013-02-14 00:00:00","false","2"
"Middle Income","101486","1971","43","Gen X","Graduate","Married","Partner","76445","1","0","2012-09-28 00:00:00","true","3"
"Middle Income","101488","1965","49","Gen X","Master","Married","Partner","53843","0","1","2013-06-27 00:00:00","true","3"
"Middle Income","101493","1963","51","Baby Boomer","PhD","Married","Partner","54072","1","1","2013-07-27 00:00:00","true","4"
"Middle Income","101494","1977","37","Gen X","Graduate","Married","Partner","71855","0","1","2013-01-16 00:00:00","true","3"
"Middle Income","101496","1973","41","Gen X","Master","Married","Partner","60432","0","1","2014-09-03 00:00:00","true","3"
"Middle Income","101497","1964","50","","PhD","Married","Partner","65526","0","1","2014-11-04 00:00:00","true","3"
"Middle Income","101501","1984","30","Millennial","Graduate","Married","Partner","55434","1","0","2013-05-10 00:00:00","true","3"
"Middle Income","101504","1956","58","Baby Boomer","Master","Married","Partner","52973","0","1","2012-08-11 00:00:00","true","3"
"Middle Income","101509","1952","62","Baby Boomer","PhD","Married","Partner","54549","0","1","2014-03-03 00:00:00","true","3"
"Middle Income","101515","1959","55","Baby Boomer","PhD","Married","Partner","52854","1","1","2014-03-24 00:00:00","true","4"
"Middle Income","101517","1955","59","Baby Boomer","PhD","Married","Partner","59821","0","1","2013-12-04 00:00:00","true","3"
"Middle Income","101519","1945","69","","Graduate","Married","Partner","69755","0","0","2013-02-10 00:00:00","false","2"
"Middle Income","101520","1969","45","Gen X","Graduate","Married","Partner","44078","1","1","2014-06-19 00:00:00","true","4"
"Middle Income","101527","1974","40","Gen X","Master","Married","Partner","58494","0","1","2013-12-12 00:00:00","true","3"
"Middle Income","101538","1954","60","Baby Boomer","PhD","Married","Partner","62670","0","1","2014-02-02 00:00:00","true","3"
"Middle Income","101546","1967","47","Gen X","PhD","Married","Partner","63246","0","2","2013-08-20 00:00:00","true","4"
"Middle Income","101551","1970","44","Gen X","Graduate","Married","Partner","69016","0","1","2012-11-22 00:00:00","true","3"
"Middle Income","101555","1976","38","Gen X","PhD","Married","Partner","49544","1","0","2013-12-02 00:00:00","true","3"
"Middle Income","101561","1952","62","Baby Boomer","Graduate","Married","Partner","49413","0","1","2013-10-25 00:00:00","true","3"
"Middle Income","101562","1969","45","Gen X","Graduate","Married","Partner","42231","1","1","2014-03-25 00:00:00","true","4"
"Middle Income","101576","1976","38","Gen X","Graduate","Married","Partner","61064","0","1","2012-08-31 00:00:00","true","3"
"Middle Income","101583","1978","36","Gen X","Graduate","Married","Partner","64813","1","0","2014-02-01 00:00:00","true","3"
"Middle Income","101584","1973","41","Gen X","PhD","Married","Partner","54222","0","1","2014-01-03 00:00:00","true","3"
"Middle Income","101586","1959","55","Baby Boomer","Master","Married","Partner","77520","0","1","2013-08-28 00:00:00","true","3"
"Middle Income","101593","1976","38","Gen X","PhD","Married","Partner","55424","0","1","2012-11-25 00:00:00","true","3"
"Middle Income","101602","1951","63","Baby Boomer","Graduate","Married","Partner","71107","0","1","2013-02-17 00:00:00","true","3"
"Middle Income","101608","1963","51","Baby Boomer","Graduate","Married","Partner","77437","0","0","2013-11-26 00:00:00","false","2"
"Middle Income","101609","1959","55","Baby Boomer","Graduate","Married","Partner","54984","0","1","2014-05-24 00:00:00","true","3"
"Middle Income","101610","1971","43","Gen X","PhD","Married","Partner","42403","1","0","2013-11-12 00:00:00","true","3"
"Middle Income","101623","1968","46","Gen X","Graduate","Married","Partner","41120","1","1","2013-06-11 00:00:00","true","4"
"Middle Income","101626","1972","42","Gen X","Graduate","Married","Partner","77981","1","0","2013-05-26 00:00:00","true","3"
"Middle Income","101627","1964","50","","Undergraduate","Married","Partner","62905","0","1","2013-10-09 00:00:00","true","3"
"Middle Income","101630","1977","37","Gen X","Graduate","Married","Partner","72117","0","1","2013-08-20 00:00:00","true","3"
"Middle Income","101632","1956","58","Baby Boomer","Graduate","Married","Partner","67131","0","1","2013-03-26 00:00:00","true","3"
"Middle Income","101634","1975","39","Gen X","Master","Married","Partner","47808","0","1","2013-10-20 00:00:00","true","3"
"Middle Income","101637","1967","47","Gen X","Graduate","Married","Partner","42664","0","1","2014-03-18 00:00:00","true","3"
"Middle Income","101640","1984","30","Millennial","Undergraduate","Married","Partner","65370","0","0","2013-01-08 00:00:00","false","2"
"Middle Income","101643","1968","46","Gen X","Graduate","Married","Partner","64590","0","0","2012-10-14 00:00:00","false","2"
"Middle Income","101647","1973","41","Gen X","Graduate","Married","Partner","49094","0","1","2012-09-21 00:00:00","true","3"
"Middle Income","101659","1951","63","Baby Boomer","Graduate","Married","Partner","44689","1","1","2014-10-01 00:00:00","true","4"
"Middle Income","101665","1969","45","Gen X","Master","Married","Partner","79734","0","0","2014-06-28 00:00:00","false","2"
"Middle Income","101671","1956","58","Baby Boomer","Graduate","Married","Partner","50387","0","2","2013-08-31 00:00:00","true","4"
"Middle Income","101675","1968","46","Gen X","Graduate","Married","Partner","63967","0","1","2013-09-08 00:00:00","true","3"
"Middle Income","101684","1962","52","Baby Boomer","PhD","Married","Partner","54693","0","1","2013-02-17 00:00:00","true","3"
"Middle Income","101688","1957","57","Baby Boomer","Graduate","Married","Partner","47743","0","1","2013-03-22 00:00:00","true","3"
"Middle Income","101698","1966","48","Gen X","PhD","Married","Partner","57705","0","1","2014-11-01 00:00:00","true","3"
"Middle Income","101702","1978","36","Gen X","PhD","Married","Partner","72159","0","0","2012-10-29 00:00:00","false","2"
"Middle Income","101708","1972","42","Gen X","PhD","Married","Partner","70116","0","0","2013-01-26 00:00:00","false","2"
"Middle Income","101710","1966","48","Gen X","PhD","Married","Partner","69063","0","1","2012-07-11 00:00:00","true","3"
"Middle Income","101712","1971","43","Gen X","Graduate","Married","Partner","70886","1","0","2013-10-14 00:00:00","true","3"
"Middle Income","101725","1958","56","Baby Boomer","Graduate","Married","Partner","72905","0","0","2014-01-21 00:00:00","false","2"
"Middle Income","101728","1984","30","Millennial","PhD","Married","Partner","70643","0","0","2012-10-15 00:00:00","false","2"
"Middle Income","101734","1957","57","Baby Boomer","PhD","Married","Partner","44155","1","1","2014-01-19 00:00:00","true","4"
"Middle Income","101737","1982","32","Millennial","Graduate","Married","Partner","42081","1","0","2013-02-26 00:00:00","true","3"
"Middle Income","101745","1964","50","","PhD","Married","Partner","45759","1","1","2013-02-23 00:00:00","true","4"
"Middle Income","101747","1987","27","Millennial","Master","Married","Partner","73395","0","0","2014-03-18 00:00:00","false","2"
"Middle Income","101749","1968","46","Gen X","Graduate","Married","Partner","45688","0","1","2014-01-25 00:00:00","true","3"
"Middle Income","101750","1971","43","Gen X","PhD","Married","Partner","60491","0","1","2013-06-09 00:00:00","true","3"
"Middle Income","101756","1967","47","Gen X","Graduate","Married","Partner","77870","0","1","2012-08-22 00:00:00","true","3"
"Middle Income","101761","1972","42","Gen X","Undergraduate","Married","Partner","70932","0","1","2014-01-19 00:00:00","true","3"
"Middle Income","101766","1970","44","Gen X","Graduate","Married","Partner","70617","0","0","2013-06-23 00:00:00","false","2"
"Middle Income","101768","1965","49","Gen X","Master","Married","Partner","62694","1","1","2013-06-17 00:00:00","true","4"
"Middle Income","101769","1974","40","Gen X","PhD","Married","Partner","61917","1","1","2013-11-20 00:00:00","true","4"
"Middle Income","101770","1947","67","Baby Boomer","PhD","Married","Partner","67472","0","1","2013-09-28 00:00:00","true","3"
"Middle Income","101773","1951","63","Baby Boomer","Graduate","Married","Partner","75903","0","1","2013-08-04 00:00:00","true","3"
"Middle Income","101779","1984","30","Millennial","PhD","Married","Partner","73356","0","0","2014-06-02 00:00:00","false","2"
"Middle Income","101782","1984","30","Millennial","Graduate","Married","Partner","72570","0","0","2014-04-25 00:00:00","false","2"
"Middle Income","101785","1982","32","Millennial","Graduate","Married","Partner","63211","0","0","2012-02-11 00:00:00","false","2"
"Middle Income","101789","1976","38","Gen X","Graduate","Married","Partner","56939","0","1","2013-09-18 00:00:00","true","3"
"Middle Income","101797","1965","49","Gen X","Master","Married","Partner","70053","0","1","2013-03-07 00:00:00","true","3"
"Middle Income","101799","1978","36","Gen X","Graduate","Married","Partner","44359","1","1","2014-06-17 00:00:00","true","4"
"Middle Income","101809","1975","39","Gen X","Graduate","Married","Partner","40794","0","1","2013-07-04 00:00:00","true","3"
"Middle Income","101817","1962","52","Baby Boomer","Master","Married","Partner","58646","0","1","2013-10-06 00:00:00","true","3"
"Middle Income","101819","1978","36","Gen X","Graduate","Married","Partner","57113","1","1","2013-06-02 00:00:00","true","4"
"Middle Income","101820","1991","23","Millennial","Graduate","Married","Partner","51373","0","0","2013-06-22 00:00:00","false","2"
"Middle Income","101822","1956","58","Baby Boomer","Graduate","Married","Partner","58116","0","1","2014-04-13 00:00:00","true","3"
"Middle Income","101829","1975","39","Gen X","Graduate","Married","Partner","79205","0","0","2012-08-29 00:00:00","false","2"
"Middle Income","101838","1970","44","Gen X","Graduate","Married","Partner","63684","0","1","2012-11-26 00:00:00","true","3"
"Middle Income","101852","1982","32","Millennial","Master","Married","Partner","43815","1","0","2013-05-04 00:00:00","true","3"
"Middle Income","101853","1956","58","Baby Boomer","Graduate","Married","Partner","48195","1","1","2014-01-21 00:00:00","true","4"
"Middle Income","101854","1952","62","Baby Boomer","Master","Married","Partner","77027","0","1","2014-05-02 00:00:00","true","3"
"Middle Income","101855","1965","49","Gen X","PhD","Married","Partner","71322","0","1","2013-02-16 00:00:00","true","3"
"Middle Income","101861","1955","59","Baby Boomer","Graduate","Married","Partner","67225","0","1","2013-11-26 00:00:00","true","3"
"Middle Income","101864","1984","30","Millennial","Graduate","Married","Partner","40059","1","0","2013-09-28 00:00:00","true","3"
"Middle Income","101866","1977","37","Gen X","Graduate","Married","Partner","75330","1","1","2012-04-10 00:00:00","true","4"
"Middle Income","101873","1979","35","Gen X","Master","Married","Partner","45057","1","0","2013-01-12 00:00:00","true","3"
"Middle Income","101876","1959","55","Baby Boomer","Graduate","Married","Partner","53154","0","1","2014-09-06 00:00:00","true","3"
"Middle Income","101877","1973","41","Gen X","Graduate","Married","Partner","65308","0","0","2013-11-09 00:00:00","false","2"
"Middle Income","101887","1950","64","Baby Boomer","Graduate","Married","Partner","59462","0","1","2013-05-01 00:00:00","true","3"
"Middle Income","101892","1948","66","Baby Boomer","Graduate","Married","Partner","42192","0","0","2013-06-09 00:00:00","false","2"
"Middle Income","101893","1952","62","Baby Boomer","PhD","Married","Partner","77610","0","1","2012-10-29 00:00:00","true","3"
"Middle Income","101897","1956","58","Baby Boomer","Graduate","Married","Partner","71866","0","1","2013-12-25 00:00:00","true","3"
"Middle Income","101898","1983","31","Millennial","Graduate","Married","Partner","69520","0","0","2013-07-07 00:00:00","false","2"
"Middle Income","101902","1971","43","Gen X","Graduate","Married","Partner","51381","1","1","2013-03-03 00:00:00","true","4"
"Middle Income","101906","1960","54","Baby Boomer","Graduate","Married","Partner","51651","0","1","2012-07-11 00:00:00","true","3"
"Middle Income","101909","1959","55","Baby Boomer","Graduate","Married","Partner","79823","0","1","2014-03-31 00:00:00","true","3"
"Middle Income","101916","1950","64","Baby Boomer","PhD","Married","Partner","48699","1","1","2013-05-21 00:00:00","true","4"
"Middle Income","101920","1975","39","Gen X","Graduate","Married","Partner","76068","0","1","2012-11-29 00:00:00","true","3"
"Middle Income","101921","1976","38","Gen X","Master","Married","Partner","53204","1","1","2014-03-20 00:00:00","true","4"
"Middle Income","101923","1974","40","Gen X","PhD","Married","Partner","78128","0","1","2014-02-19 00:00:00","true","3"
"Middle Income","101926","1949","65","Baby Boomer","Master","Married","Partner","48150","0","1","2013-08-06 00:00:00","true","3"
"Middle Income","101932","1954","60","Baby Boomer","Master","Married","Partner","45736","0","1","2013-07-24 00:00:00","true","3"
"Middle Income","101940","1980","34","","Graduate","Married","Partner","43586","0","1","2012-08-30 00:00:00","true","3"
"Middle Income","101941","1956","58","Baby Boomer","Undergraduate","Married","Partner","53230","0","1","2012-03-08 00:00:00","true","3"
"Middle Income","101950","1965","49","Gen X","Graduate","Married","Partner","58692","0","1","2014-06-04 00:00:00","true","3"
"Middle Income","101963","1962","52","Baby Boomer","PhD","Married","Partner","42769","0","1","2013-12-10 00:00:00","true","3"
"Middle Income","101964","1958","56","Baby Boomer","Master","Married","Partner","49572","1","1","2013-12-15 00:00:00","true","4"
"Middle Income","101965","1972","42","Gen X","Graduate","Married","Partner","69209","0","0","2012-09-17 00:00:00","false","2"
"Middle Income","101970","1955","59","Baby Boomer","PhD","Married","Partner","58482","0","1","2014-12-03 00:00:00","true","3"
"Middle Income","101972","1964","50","","PhD","Married","Partner","60896","0","1","2012-11-10 00:00:00","true","3"
"Middle Income","101984","1951","63","Baby Boomer","Graduate","Married","Partner","71965","0","1","2013-07-29 00:00:00","true","3"
"Middle Income","101985","1955","59","Baby Boomer","Graduate","Married","Partner","65210","0","1","2014-10-03 00:00:00","true","3"
"Middle Income","101986","1975","39","Gen X","PhD","Married","Partner","79174","0","0","2013-11-01 00:00:00","false","2"
"Middle Income","101989","1971","43","Gen X","Graduate","Married","Partner","52914","0","1","2013-07-01 00:00:00","true","3"
"Middle Income","101991","1972","42","Gen X","PhD","Married","Partner","44325","0","1","2013-07-03 00:00:00","true","3"
"Middle Income","101992","1964","50","","Graduate","Married","Partner","42523","0","0","2014-04-23 00:00:00","false","2"
"Middle Income","101994","1957","57","Baby Boomer","Undergraduate","Married","Partner","53233","0","1","2014-03-18 00:00:00","true","3"
"Middle Income","101995","1960","54","Baby Boomer","Graduate","Married","Partner","67716","0","1","2013-10-01 00:00:00","true","3"
"Middle Income","101996","1972","42","Gen X","Master","Married","Partner","76234","0","1","2014-06-02 00:00:00","true","3"
"Middle Income","102003","1957","57","Baby Boomer","Graduate","Married","Partner","73803","0","1","2012-01-08 00:00:00","true","3"
"Middle Income","102007","1954","60","Baby Boomer","Graduate","Married","Partner","50501","1","1","2013-06-18 00:00:00","true","4"
"Middle Income","102011","1978","36","Gen X","Graduate","Married","Partner","73807","0","1","2013-02-01 00:00:00","true","3"
"Middle Income","102013","1980","34","","Graduate","Married","Partner","61014","0","1","2012-11-08 00:00:00","true","3"
"Middle Income","102024","1979","35","Gen X","Graduate","Married","Partner","58025","0","1","2013-11-26 00:00:00","true","3"
"Middle Income","102028","1979","35","Gen X","Graduate","Married","Partner","63777","1","1","2013-03-24 00:00:00","true","4"
"Middle Income","102036","1967","47","Gen X","Graduate","Married","Partner","61223","0","1","2013-06-13 00:00:00","true","3"
"Middle Income","100004","1981","33","Millennial","PhD","Married","Partner","58293","1","0","2014-01-19 00:00:00","true","3"
"Middle Income","102039","1954","60","Baby Boomer","PhD","Married","Partner","52869","1","1","2012-10-15 00:00:00","true","4"
"Middle Income","100010","1983","31","Millennial","Graduate","Married","Partner","51381","1","0","2013-11-15 00:00:00","true","3"
"Middle Income","100016","1980","34","","Graduate","Married","Partner","41850","1","1","2012-12-24 00:00:00","true","4"
"Middle Income","100018","1949","65","Baby Boomer","Master","Married","Partner","76995","0","1","2013-03-28 00:00:00","true","3"
"Middle Income","100022","1949","65","Baby Boomer","PhD","Married","Partner","58607","0","1","2012-12-23 00:00:00","true","3"
"Middle Income","100023","1954","60","Baby Boomer","PhD","Married","Partner","65324","0","1","2014-11-01 00:00:00","true","3"
"Middle Income","100026","1976","38","Gen X","Graduate","Married","Partner","53359","1","1","2013-05-27 00:00:00","true","4"
"Middle Income","100034","1946","68","Baby Boomer","Master","Married","Partner","68657","0","0","2013-02-20 00:00:00","false","2"
"Middle Income","100036","1970","44","Gen X","PhD","Married","Partner","67353","0","1","2013-12-31 00:00:00","true","3"
"Middle Income","100049","1954","60","Baby Boomer","PhD","Married","Partner","72550","1","1","2012-08-11 00:00:00","true","4"
"Middle Income","100051","1964","50","","Master","Married","Partner","79143","0","0","2012-11-08 00:00:00","false","2"
"Middle Income","100054","1978","36","Gen X","Graduate","Married","Partner","66373","1","1","2013-12-06 00:00:00","true","4"
"Middle Income","100059","1968","46","Gen X","PhD","Married","Partner","55954","0","1","2014-03-03 00:00:00","true","3"
"Middle Income","100070","1954","60","Baby Boomer","Master","Married","Partner","66991","0","0","2012-11-09 00:00:00","false","2"
"Middle Income","100071","1973","41","Gen X","Undergraduate","Married","Partner","51381","1","0","2012-09-14 00:00:00","true","3"
"Middle Income","100072","1959","55","Baby Boomer","Graduate","Married","Partner","65031","0","1","2013-03-17 00:00:00","true","3"
"Middle Income","100073","1975","39","Gen X","PhD","Married","Partner","60631","1","1","2013-05-04 00:00:00","true","4"
"Middle Income","100076","1972","42","Gen X","Master","Married","Partner","75251","0","0","2012-08-27 00:00:00","false","2"
"Middle Income","100087","1973","41","Gen X","Graduate","Married","Partner","79593","0","0","2014-12-05 00:00:00","false","2"
"Middle Income","100089","1957","57","Baby Boomer","PhD","Married","Partner","51381","2","1","2012-11-19 00:00:00","true","5"
"Middle Income","100097","1951","63","Baby Boomer","Undergraduate","Married","Partner","78497","0","0","2013-01-12 00:00:00","false","2"
"Middle Income","100098","1983","31","Millennial","PhD","Married","Partner","50150","0","0","2013-06-20 00:00:00","false","2"
"Middle Income","100102","1945","69","","PhD","Married","Partner","65846","0","0","2013-05-17 00:00:00","false","2"
"Middle Income","100105","1964","50","","Graduate","Married","Partner","49096","1","1","2013-09-24 00:00:00","true","4"
"Middle Income","100106","1969","45","Gen X","Graduate","Married","Partner","52413","0","2","2013-02-02 00:00:00","true","4"
"Middle Income","100113","1980","34","","PhD","Married","Partner","43974","1","0","2012-12-12 00:00:00","true","3"
"Middle Income","100126","1953","61","Baby Boomer","Master","Married","Partner","54348","1","1","2014-08-06 00:00:00","true","4"
"Middle Income","100127","1961","53","Baby Boomer","PhD","Married","Partner","51381","0","1","2013-11-07 00:00:00","true","3"
"Middle Income","100129","1952","62","Baby Boomer","Graduate","Married","Partner","62998","0","1","2013-09-30 00:00:00","true","3"
"Middle Income","100131","1969","45","Gen X","Graduate","Married","Partner","73448","0","0","2014-10-02 00:00:00","false","2"
"Middle Income","100132","1963","51","Baby Boomer","Graduate","Married","Partner","51381","0","1","2013-11-08 00:00:00","true","3"
"Middle Income","100133","1964","50","","PhD","Married","Partner","41551","1","1","2013-08-14 00:00:00","true","4"
"Middle Income","100144","1976","38","Gen X","Graduate","Married","Partner","59809","0","2","2012-10-18 00:00:00","true","4"
"Middle Income","100148","1966","48","Gen X","Master","Married","Partner","49605","0","0","2014-06-21 00:00:00","false","2"
"Middle Income","100149","1953","61","Baby Boomer","Master","Married","Partner","59354","0","2","2014-04-24 00:00:00","true","4"
"Middle Income","100150","1969","45","Gen X","Graduate","Married","Partner","65747","0","1","2014-07-03 00:00:00","true","3"
"Middle Income","100160","1945","69","","PhD","Married","Partner","70356","0","0","2012-05-11 00:00:00","false","2"
"Middle Income","100171","1970","44","Gen X","Graduate","Married","Partner","50447","2","0","2014-04-21 00:00:00","true","4"
"Middle Income","100178","1976","38","Gen X","PhD","Married","Partner","51650","0","1","2014-11-05 00:00:00","true","3"
"Middle Income","100180","1946","68","Baby Boomer","Master","Married","Partner","66835","0","0","2013-09-28 00:00:00","false","2"
"Middle Income","100185","1966","48","Gen X","Graduate","Married","Partner","61286","0","1","2013-02-08 00:00:00","true","3"
"Middle Income","100186","1976","38","Gen X","Graduate","Married","Partner","74068","0","0","2013-03-19 00:00:00","false","2"
"Middle Income","100187","1964","50","","PhD","Married","Partner","45759","1","1","2013-02-23 00:00:00","true","4"
"Middle Income","100191","1973","41","Gen X","Graduate","Married","Partner","51148","1","1","2013-02-18 00:00:00","true","4"
"Middle Income","100193","1980","34","","Master","Married","Partner","69661","0","0","2014-05-13 00:00:00","false","2"
"Middle Income","100205","1966","48","Gen X","Graduate","Married","Partner","44794","0","1","2014-08-06 00:00:00","true","3"
"Middle Income","100209","1968","46","Gen X","PhD","Married","Partner","44377","1","1","2012-05-10 00:00:00","true","4"
"Middle Income","100211","1985","29","Millennial","Graduate","Married","Partner","70951","0","0","2013-04-05 00:00:00","false","2"
"Middle Income","100212","1977","37","Gen X","Graduate","Married","Partner","41443","1","0","2014-01-04 00:00:00","true","3"
"Middle Income","100218","1969","45","Gen X","Graduate","Married","Partner","72460","0","0","2013-11-14 00:00:00","false","2"
"Middle Income","100225","1972","42","Gen X","PhD","Married","Partner","79930","0","0","2012-08-08 00:00:00","false","2"
"Middle Income","100231","1965","49","Gen X","PhD","Married","Partner","62745","0","1","2013-03-23 00:00:00","true","3"
"Middle Income","100239","1990","24","Millennial","Graduate","Married","Partner","73687","0","0","2013-11-28 00:00:00","false","2"
"Middle Income","100240","1958","56","Baby Boomer","Graduate","Married","Partner","61074","0","1","2012-08-17 00:00:00","true","3"
"Middle Income","100243","1953","61","Baby Boomer","Graduate","Married","Partner","75027","0","1","2013-09-01 00:00:00","true","3"
"Middle Income","100244","1988","26","Millennial","PhD","Married","Partner","67546","0","0","2012-08-31 00:00:00","false","2"
"Middle Income","100258","1970","44","Gen X","Master","Married","Partner","44159","1","0","2014-06-17 00:00:00","true","3"
"Middle Income","100264","1970","44","Gen X","Graduate","Married","Partner","72940","0","0","2013-06-19 00:00:00","false","2"
"Middle Income","100278","1975","39","Gen X","Master","Married","Partner","44319","1","1","2014-04-17 00:00:00","true","4"
"Middle Income","100296","1978","36","Gen X","PhD","Married","Partner","46377","1","0","2014-01-03 00:00:00","true","3"
"Middle Income","100302","1964","50","","Master","Married","Partner","64100","0","1","2013-10-09 00:00:00","true","3"
"Middle Income","100306","1989","25","Millennial","Graduate","Married","Partner","51381","0","0","2013-03-06 00:00:00","false","2"
"Middle Income","100308","1966","48","Gen X","Graduate","Married","Partner","54198","1","1","2013-12-17 00:00:00","true","4"
"Middle Income","100310","1972","42","Gen X","Graduate","Married","Partner","40321","1","1","2013-07-29 00:00:00","true","4"
"Middle Income","100314","1971","43","Gen X","Graduate","Married","Partner","64795","0","1","2013-01-17 00:00:00","true","3"
"Middle Income","100319","1957","57","Baby Boomer","Graduate","Married","Partner","62187","0","0","2013-05-07 00:00:00","false","2"
"Middle Income","100322","1950","64","Baby Boomer","PhD","Married","Partner","54432","2","1","2013-09-05 00:00:00","true","5"
"Middle Income","100326","1956","58","Baby Boomer","PhD","Married","Partner","66334","0","1","2013-03-04 00:00:00","true","3"
"Middle Income","100335","1969","45","Gen X","PhD","Married","Partner","55212","0","1","2012-11-23 00:00:00","true","3"
"Middle Income","100339","1965","49","Gen X","Graduate","Married","Partner","44300","1","1","2013-06-23 00:00:00","true","4"
"Middle Income","100343","1957","57","Baby Boomer","Graduate","Married","Partner","71113","0","1","2013-12-17 00:00:00","true","3"
"Middle Income","100344","1986","28","Millennial","Graduate","Married","Partner","71952","1","0","2013-10-01 00:00:00","true","3"
"Middle Income","100346","1974","40","Gen X","Graduate","Married","Partner","72099","0","0","2012-10-27 00:00:00","false","2"
"Middle Income","100349","1955","59","Baby Boomer","Graduate","Married","Partner","50737","0","1","2013-11-05 00:00:00","true","3"
"Middle Income","100350","1969","45","Gen X","PhD","Married","Partner","68462","0","0","2012-12-12 00:00:00","false","2"
"Middle Income","100351","1943","71","Silent Generation","Master","Married","Partner","65073","0","0","2013-08-20 00:00:00","false","2"
"Middle Income","100353","1957","57","Baby Boomer","Graduate","Married","Partner","78618","0","0","2012-09-28 00:00:00","false","2"
"Middle Income","100356","1967","47","Gen X","Graduate","Married","Partner","51479","1","1","2012-12-28 00:00:00","true","4"
"Middle Income","100358","1960","54","Baby Boomer","Graduate","Married","Partner","79530","0","0","2013-05-17 00:00:00","false","2"
"Middle Income","100363","1975","39","Gen X","Graduate","Married","Partner","48178","1","1","2012-10-28 00:00:00","true","4"
"Middle Income","100384","1946","68","Baby Boomer","PhD","Married","Partner","51012","0","0","2013-04-18 00:00:00","false","2"
"Middle Income","100385","1968","46","Gen X","Master","Married","Partner","70777","0","1","2014-02-25 00:00:00","true","3"
"Middle Income","100387","1971","43","Gen X","Graduate","Married","Partner","43824","1","1","2012-09-15 00:00:00","true","4"
"Middle Income","100396","1965","49","Gen X","Graduate","Married","Partner","48006","1","1","2014-09-06 00:00:00","true","4"
"Middle Income","100399","1963","51","Baby Boomer","Graduate","Married","Partner","50437","0","2","2012-10-17 00:00:00","true","4"
"Middle Income","100401","1976","38","Gen X","Graduate","Married","Partner","53858","0","1","2012-09-11 00:00:00","true","3"
"Middle Income","100402","1955","59","Baby Boomer","PhD","Married","Partner","66465","0","1","2013-03-30 00:00:00","true","3"
"Middle Income","100405","1943","71","Silent Generation","PhD","Married","Partner","75865","0","0","2014-03-31 00:00:00","false","2"
"Middle Income","100409","1971","43","Gen X","Master","Married","Partner","49505","1","1","2013-05-03 00:00:00","true","4"
"Middle Income","100414","1953","61","Baby Boomer","Graduate","Married","Partner","48686","1","2","2013-04-12 00:00:00","true","5"
"Middle Income","100416","1989","25","Millennial","Graduate","Married","Partner","75433","1","0","2014-05-04 00:00:00","true","3"
"Middle Income","100418","1968","46","Gen X","Graduate","Married","Partner","61314","0","1","2013-04-25 00:00:00","true","3"
"Middle Income","100420","1989","25","Millennial","Graduate","Married","Partner","42387","1","0","2012-10-29 00:00:00","true","3"
"Middle Income","100422","1964","50","","Graduate","Married","Partner","75236","0","1","2013-11-25 00:00:00","true","3"
"Middle Income","100430","1948","66","Baby Boomer","PhD","Married","Partner","56223","0","1","2013-12-20 00:00:00","true","3"
"Middle Income","100437","1953","61","Baby Boomer","PhD","Married","Partner","55707","0","1","2013-12-22 00:00:00","true","3"
"Middle Income","100439","1969","45","Gen X","Graduate","Married","Partner","56796","0","1","2013-02-16 00:00:00","true","3"
"Middle Income","100441","1980","34","","Undergraduate","Married","Partner","70829","1","1","2013-01-12 00:00:00","true","4"
"Middle Income","100442","1976","38","Gen X","Graduate","Married","Partner","65991","0","1","2012-07-09 00:00:00","true","3"
"Middle Income","100445","1984","30","Millennial","Master","Married","Partner","42207","1","0","2013-01-04 00:00:00","true","3"
"Middle Income","100446","1952","62","Baby Boomer","Graduate","Married","Partner","50300","0","1","2014-05-25 00:00:00","true","3"
"Middle Income","100448","1964","50","","Graduate","Married","Partner","60597","0","1","2014-01-01 00:00:00","true","3"
"Middle Income","100455","1951","63","Baby Boomer","Graduate","Married","Partner","53790","0","2","2014-06-03 00:00:00","true","4"
"Middle Income","100457","1975","39","Gen X","Graduate","Married","Partner","61456","0","1","2013-03-27 00:00:00","true","3"
"Middle Income","100462","1956","58","Baby Boomer","Graduate","Married","Partner","62503","0","1","2013-02-18 00:00:00","true","3"
"Middle Income","100464","1977","37","Gen X","Master","Married","Partner","55842","0","1","2014-05-23 00:00:00","true","3"
"Middle Income","100465","1972","42","Gen X","PhD","Married","Partner","62010","0","1","2012-10-23 00:00:00","true","3"
"Middle Income","100466","1977","37","Gen X","Graduate","Married","Partner","41124","1","0","2012-10-31 00:00:00","true","3"
"Middle Income","100470","1975","39","Gen X","Graduate","Married","Partner","43057","0","1","2013-10-30 00:00:00","true","3"
"Middle Income","100473","1974","40","Gen X","Graduate","Married","Partner","60093","0","1","2013-06-26 00:00:00","true","3"
"Middle Income","100485","1944","70","Silent Generation","Graduate","Married","Partner","65275","0","0","2013-03-04 00:00:00","false","2"
"Middle Income","100489","1985","29","Millennial","PhD","Married","Partner","64355","1","0","2012-08-24 00:00:00","true","3"
"Middle Income","100491","1976","38","Gen X","Graduate","Married","Partner","65665","0","1","2013-02-12 00:00:00","true","3"
"Middle Income","100497","1964","50","","Graduate","Married","Partner","48920","0","2","2013-10-20 00:00:00","true","4"
"Middle Income","100507","1991","23","Millennial","Graduate","Married","Partner","42691","0","0","2013-08-16 00:00:00","false","2"
"Middle Income","100508","1953","61","Baby Boomer","Graduate","Married","Partner","70503","0","0","2012-09-30 00:00:00","false","2"
"Middle Income","100512","1977","37","Gen X","Master","Married","Partner","50353","0","0","2014-08-06 00:00:00","false","2"
"Middle Income","100514","1960","54","Baby Boomer","PhD","Married","Partner","49154","1","1","2013-03-11 00:00:00","true","4"
"Middle Income","100518","1962","52","Baby Boomer","Graduate","Married","Partner","65316","1","1","2013-04-24 00:00:00","true","4"
"Middle Income","100532","1980","34","","Graduate","Married","Partner","47850","1","0","2013-03-12 00:00:00","true","3"
"Middle Income","100542","1982","32","Millennial","Graduate","Married","Partner","79908","0","0","2013-05-04 00:00:00","false","2"
"Middle Income","100548","1970","44","Gen X","Undergraduate","Married","Partner","62466","0","1","2014-01-15 00:00:00","true","3"
"Middle Income","100555","1974","40","Gen X","Graduate","Married","Partner","44989","0","1","2012-12-09 00:00:00","true","3"
"Middle Income","100560","1977","37","Gen X","PhD","Married","Partner","61996","0","1","2013-01-31 00:00:00","true","3"
"Middle Income","100561","1968","46","Gen X","Graduate","Married","Partner","51287","1","1","2014-01-04 00:00:00","true","4"
"Middle Income","100565","1974","40","Gen X","PhD","Married","Partner","45207","1","1","2012-10-11 00:00:00","true","4"
"Middle Income","100571","1961","53","Baby Boomer","Master","Married","Partner","61794","0","1","2013-09-14 00:00:00","true","3"
"Middle Income","100578","1972","42","Gen X","PhD","Married","Partner","59973","0","0","2013-11-09 00:00:00","false","2"
"Middle Income","100581","1969","45","Gen X","Master","Married","Partner","42169","1","1","2013-10-19 00:00:00","true","4"
"Middle Income","100587","1948","66","Baby Boomer","PhD","Married","Partner","61467","0","2","2012-09-12 00:00:00","true","4"
"Middle Income","100597","1974","40","Gen X","Graduate","Married","Partner","45837","1","1","2013-07-26 00:00:00","true","4"
"Middle Income","100602","1961","53","Baby Boomer","PhD","Married","Partner","54456","0","1","2013-11-07 00:00:00","true","3"
"Middle Income","100606","1955","59","Baby Boomer","Undergraduate","Married","Partner","72635","0","0","2013-03-06 00:00:00","false","2"
"Middle Income","100612","1970","44","Gen X","PhD","Married","Partner","69084","1","0","2013-11-19 00:00:00","true","3"
"Middle Income","100618","1962","52","Baby Boomer","Graduate","Married","Partner","56181","0","1","2013-08-01 00:00:00","true","3"
"Middle Income","100620","1971","43","Gen X","Graduate","Married","Partner","73691","0","1","2013-06-11 00:00:00","true","3"
"Middle Income","100625","1971","43","Gen X","PhD","Married","Partner","46463","1","1","2013-08-18 00:00:00","true","4"
"Middle Income","100628","1977","37","Gen X","Master","Married","Partner","78710","0","1","2014-05-23 00:00:00","true","3"
"Middle Income","100632","1974","40","Gen X","Graduate","Married","Partner","67445","0","1","2012-12-08 00:00:00","true","3"
"Middle Income","100647","1971","43","Gen X","Undergraduate","Married","Partner","54690","1","1","2013-07-11 00:00:00","true","4"
"Middle Income","100648","1964","50","","PhD","Married","Partner","59304","0","1","2013-07-29 00:00:00","true","3"
"Middle Income","100651","1980","34","","Graduate","Married","Partner","77353","0","1","2013-12-16 00:00:00","true","3"
"Middle Income","100672","1961","53","Baby Boomer","Master","Married","Partner","61923","0","2","2013-07-26 00:00:00","true","4"
"Middle Income","100678","1978","36","Gen X","Graduate","Married","Partner","71427","2","0","2014-12-03 00:00:00","true","4"
"Middle Income","100690","1975","39","Gen X","PhD","Married","Partner","76618","0","0","2012-07-12 00:00:00","false","2"
"Middle Income","100695","1965","49","Gen X","Master","Married","Partner","74806","0","1","2012-12-19 00:00:00","true","3"
"Middle Income","100696","1954","60","Baby Boomer","Graduate","Married","Partner","59111","0","0","2013-02-05 00:00:00","false","2"
"Middle Income","100698","1965","49","Gen X","Graduate","Married","Partner","72190","0","0","2013-02-13 00:00:00","false","2"
"Middle Income","100702","1965","49","Gen X","Master","Married","Partner","56962","2","1","2013-11-10 00:00:00","true","5"
"Middle Income","100708","1949","65","Baby Boomer","Graduate","Married","Partner","72025","0","0","2014-04-29 00:00:00","false","2"
"Middle Income","100709","1973","41","Gen X","Graduate","Married","Partner","67432","0","1","2013-03-29 00:00:00","true","3"
"Middle Income","100722","1954","60","Baby Boomer","Undergraduate","Married","Partner","63564","0","0","2014-01-29 00:00:00","false","2"
"Middle Income","100729","1964","50","","Graduate","Married","Partner","58512","0","1","2013-09-19 00:00:00","true","3"
"Middle Income","100730","1979","35","Gen X","Master","Married","Partner","40662","1","0","2013-03-15 00:00:00","true","3"
"Middle Income","100734","1988","26","Millennial","Master","Married","Partner","78285","0","0","2013-10-28 00:00:00","false","2"
"Middle Income","100737","1955","59","Baby Boomer","Graduate","Married","Partner","48726","0","1","2013-04-27 00:00:00","true","3"
"Middle Income","100738","1977","37","Gen X","Graduate","Married","Partner","74985","0","0","2012-11-09 00:00:00","false","2"
"Middle Income","100740","1965","49","Gen X","Undergraduate","Married","Partner","46891","0","1","2013-01-09 00:00:00","true","3"
"Middle Income","100741","1956","58","Baby Boomer","Master","Married","Partner","62058","0","1","2013-05-26 00:00:00","true","3"
"Middle Income","100742","1979","35","Gen X","Graduate","Married","Partner","72063","0","1","2013-03-07 00:00:00","true","3"
"Middle Income","100743","1951","63","Baby Boomer","PhD","Married","Partner","78939","0","0","2013-12-12 00:00:00","false","2"
"Middle Income","100760","1978","36","Gen X","Master","Married","Partner","43783","1","0","2014-05-29 00:00:00","true","3"
"Middle Income","100765","1978","36","Gen X","Graduate","Married","Partner","51267","1","1","2013-10-29 00:00:00","true","4"
"Middle Income","100768","1954","60","Baby Boomer","PhD","Married","Partner","70421","0","1","2014-06-28 00:00:00","true","3"
"Middle Income","100772","1970","44","Gen X","Master","Married","Partner","61872","0","1","2013-12-13 00:00:00","true","3"
"Middle Income","100776","1958","56","Baby Boomer","Graduate","Married","Partner","48192","0","0","2013-06-04 00:00:00","false","2"
"Middle Income","100777","1976","38","Gen X","Master","Married","Partner","49681","0","2","2013-04-11 00:00:00","true","4"
"Middle Income","100778","1971","43","Gen X","Master","Married","Partner","56850","0","1","2014-03-23 00:00:00","true","3"
"Middle Income","100779","1957","57","Baby Boomer","Graduate","Married","Partner","55267","0","1","2013-10-21 00:00:00","true","3"
"Middle Income","100780","1972","42","Gen X","Graduate","Married","Partner","59666","1","1","2013-03-22 00:00:00","true","4"
"Middle Income","100785","1955","59","Baby Boomer","Master","Married","Partner","52750","0","1","2013-04-02 00:00:00","true","3"
"Middle Income","100790","1972","42","Gen X","Graduate","Married","Partner","65685","0","1","2014-03-29 00:00:00","true","3"
"Middle Income","100805","1956","58","Baby Boomer","Graduate","Married","Partner","71391","0","1","2013-03-29 00:00:00","true","3"
"Middle Income","100811","1974","40","Gen X","Graduate","Married","Partner","40049","0","1","2012-11-29 00:00:00","true","3"
"Middle Income","100823","1974","40","Gen X","PhD","Married","Partner","46374","0","1","2014-03-17 00:00:00","true","3"
"Middle Income","100826","1985","29","Millennial","Graduate","Married","Partner","55357","2","0","2013-02-19 00:00:00","true","4"
"Middle Income","100852","1981","33","Millennial","Undergraduate","Married","Partner","51111","1","1","2014-06-19 00:00:00","true","4"
"Middle Income","100855","1959","55","Baby Boomer","Graduate","Married","Partner","42243","1","1","2013-11-12 00:00:00","true","4"
"Middle Income","100860","1983","31","Millennial","Graduate","Married","Partner","76630","0","0","2014-01-14 00:00:00","false","2"
"Middle Income","100876","1986","28","Millennial","PhD","Married","Partner","45921","0","0","2014-10-03 00:00:00","false","2"
"Middle Income","100882","1954","60","Baby Boomer","Graduate","Married","Partner","62820","0","0","2013-11-05 00:00:00","false","2"
"Middle Income","100892","1978","36","Gen X","Graduate","Married","Partner","77583","0","0","2014-10-02 00:00:00","false","2"
"Middle Income","100894","1976","38","Gen X","PhD","Married","Partner","68397","0","1","2013-11-17 00:00:00","true","3"
"Middle Income","100901","1970","44","Gen X","PhD","Married","Partner","67536","0","1","2013-05-22 00:00:00","true","3"
"Middle Income","100909","1987","27","Millennial","PhD","Married","Partner","51563","0","0","2012-01-10 00:00:00","false","2"
"Middle Income","100910","1982","32","Millennial","Undergraduate","Married","Partner","57937","0","1","2014-02-16 00:00:00","true","3"
"Middle Income","100920","1965","49","Gen X","Graduate","Married","Partner","59754","0","1","2012-01-12 00:00:00","true","3"
"Middle Income","100922","1973","41","Gen X","Graduate","Married","Partner","59041","1","1","2014-07-05 00:00:00","true","4"
"Middle Income","100927","1975","39","Gen X","PhD","Married","Partner","40233","0","1","2013-10-14 00:00:00","true","3"
"Middle Income","100928","1980","34","","Graduate","Married","Partner","50183","1","1","2014-06-25 00:00:00","true","4"
"Middle Income","100947","1974","40","Gen X","PhD","Married","Partner","65352","0","1","2013-08-21 00:00:00","true","3"
"Middle Income","100949","1969","45","Gen X","Graduate","Married","Partner","75759","0","0","2013-10-25 00:00:00","false","2"
"Middle Income","100958","1973","41","Gen X","Graduate","Married","Partner","52845","1","0","2013-08-13 00:00:00","true","3"
"Middle Income","100962","1981","33","Millennial","Undergraduate","Married","Partner","56337","1","1","2013-03-27 00:00:00","true","4"
"Middle Income","100966","1953","61","Baby Boomer","Master","Married","Partner","65569","0","1","2012-05-11 00:00:00","true","3"
"Middle Income","100973","1951","63","Baby Boomer","Master","Married","Partner","59412","0","0","2014-04-19 00:00:00","false","2"
"Middle Income","100974","1965","49","Gen X","Undergraduate","Married","Partner","70924","0","0","2014-07-04 00:00:00","false","2"
"Middle Income","100983","1967","47","Gen X","PhD","Married","Partner","56320","0","1","2013-08-04 00:00:00","true","3"
"Middle Income","100996","1953","61","Baby Boomer","Graduate","Married","Partner","47703","0","1","2013-05-29 00:00:00","true","3"
"Middle Income","100997","1959","55","Baby Boomer","Graduate","Married","Partner","61180","0","1","2014-04-23 00:00:00","true","3"
"Middle Income","101004","1960","54","Baby Boomer","PhD","Married","Partner","77037","0","1","2013-10-13 00:00:00","true","3"
"Middle Income","101006","1966","48","Gen X","Graduate","Married","Partner","44529","0","1","2013-05-07 00:00:00","true","3"
"Middle Income","101008","1949","65","Baby Boomer","PhD","Married","Partner","69098","0","0","2013-02-16 00:00:00","false","2"
"Middle Income","101012","1974","40","Gen X","Graduate","Married","Partner","42557","0","1","2012-08-29 00:00:00","true","3"
"Middle Income","101013","1951","63","Baby Boomer","PhD","Married","Partner","53312","0","0","2013-09-08 00:00:00","false","2"
"Middle Income","101016","1949","65","Baby Boomer","Master","Married","Partner","62845","1","1","2012-01-10 00:00:00","true","4"
"Middle Income","101020","1964","50","","PhD","Married","Partner","65526","0","1","2014-11-04 00:00:00","true","3"
"Middle Income","101025","1978","36","Gen X","Graduate","Married","Partner","67023","0","0","2014-04-03 00:00:00","false","2"
"Middle Income","101034","1978","36","Gen X","PhD","Married","Partner","41014","1","0","2013-04-22 00:00:00","true","3"
"Middle Income","101037","1956","58","Baby Boomer","Graduate","Married","Partner","79456","0","0","2012-08-22 00:00:00","false","2"
"Middle Income","101040","1977","37","Gen X","Graduate","Married","Partner","54233","0","1","2013-04-02 00:00:00","true","3"
"Middle Income","101047","1965","49","Gen X","PhD","Married","Partner","57236","1","1","2014-12-03 00:00:00","true","4"
"Middle Income","101052","1979","35","Gen X","Graduate","Married","Partner","56775","0","1","2013-02-01 00:00:00","true","3"
"Middle Income","101054","1979","35","Gen X","Undergraduate","Married","Partner","54210","0","1","2013-05-20 00:00:00","true","3"
"Middle Income","101059","1952","62","Baby Boomer","PhD","Married","Partner","50870","0","1","2014-06-19 00:00:00","true","3"
"Middle Income","101060","1974","40","Gen X","Undergraduate","Married","Partner","65463","1","0","2014-01-30 00:00:00","true","3"
"Middle Income","101061","1965","49","Gen X","Graduate","Married","Partner","66480","1","1","2014-05-31 00:00:00","true","4"
"Middle Income","101070","1978","36","Gen X","Undergraduate","Married","Partner","47025","0","1","2013-12-09 00:00:00","true","3"
"Middle Income","101075","1954","60","Baby Boomer","Graduate","Married","Partner","46734","0","1","2012-11-18 00:00:00","true","3"
"Middle Income","101081","1951","63","Baby Boomer","Master","Married","Partner","67381","0","1","2013-01-15 00:00:00","true","3"
"Middle Income","101083","1978","36","Gen X","Graduate","Married","Partner","42693","1","0","2014-07-06 00:00:00","true","3"
"Middle Income","101089","1961","53","Baby Boomer","Graduate","Married","Partner","49678","0","1","2013-02-02 00:00:00","true","3"
"Middle Income","101097","1954","60","Baby Boomer","PhD","Married","Partner","57744","0","1","2013-12-11 00:00:00","true","3"
"Middle Income","101103","1960","54","Baby Boomer","Master","Married","Partner","54197","0","1","2014-03-04 00:00:00","true","3"
"Middle Income","101105","1976","38","Gen X","Graduate","Married","Partner","46049","1","1","2013-07-21 00:00:00","true","4"
"Middle Income","101107","1961","53","Baby Boomer","Graduate","Married","Partner","79410","0","0","2014-05-29 00:00:00","false","2"
"Middle Income","101108","1951","63","Baby Boomer","Graduate","Married","Partner","57304","0","1","2013-11-03 00:00:00","true","3"
"Middle Income","101109","1965","49","Gen X","Graduate","Married","Partner","44375","0","1","2014-03-23 00:00:00","true","3"
"Middle Income","101110","1965","49","Gen X","Graduate","Married","Partner","59594","0","1","2012-10-20 00:00:00","true","3"
"Middle Income","101112","1974","40","Gen X","PhD","Married","Partner","40344","0","1","2013-10-13 00:00:00","true","3"
"Middle Income","101113","1972","42","Gen X","Graduate","Married","Partner","62710","0","1","2013-05-23 00:00:00","true","3"
"Middle Income","101114","1968","46","Gen X","Undergraduate","Married","Partner","48985","0","1","2013-05-07 00:00:00","true","3"
"Middle Income","101116","1948","66","Baby Boomer","Graduate","Married","Partner","77142","0","0","2013-05-29 00:00:00","false","2"
"Middle Income","101119","1990","24","Millennial","PhD","Married","Partner","74214","0","0","2012-08-26 00:00:00","false","2"
"Middle Income","101120","1957","57","Baby Boomer","Master","Married","Partner","66726","1","1","2014-12-01 00:00:00","true","4"
"Middle Income","101122","1960","54","Baby Boomer","Master","Married","Partner","47353","0","1","2013-11-13 00:00:00","true","3"
"Middle Income","101124","1981","33","Millennial","Graduate","Married","Partner","54386","0","1","2013-05-17 00:00:00","true","3"
"Middle Income","101128","1957","57","Baby Boomer","Graduate","Married","Partner","43140","0","1","2013-05-01 00:00:00","true","3"
"Middle Income","101133","1965","49","Gen X","Graduate","Married","Partner","44393","1","1","2013-08-22 00:00:00","true","4"
"Middle Income","101136","1974","40","Gen X","Undergraduate","Married","Partner","45894","0","2","2014-02-27 00:00:00","true","4"
"Middle Income","101141","1969","45","Gen X","Master","Married","Partner","43641","1","1","2013-04-22 00:00:00","true","4"
"Middle Income","101142","1969","45","Gen X","Master","Married","Partner","70091","1","0","2013-03-31 00:00:00","true","3"
"Middle Income","101143","1972","42","Gen X","PhD","Married","Partner","78075","0","0","2014-05-04 00:00:00","false","2"
"Middle Income","101145","1977","37","Gen X","Graduate","Married","Partner","54809","1","1","2013-11-09 00:00:00","true","4"
"Middle Income","101146","1959","55","Baby Boomer","Graduate","Married","Partner","58113","0","1","2013-01-25 00:00:00","true","3"
"Middle Income","101147","1958","56","Baby Boomer","Master","Married","Partner","51412","0","1","2013-12-31 00:00:00","true","3"
"Middle Income","101149","1956","58","Baby Boomer","Master","Married","Partner","50965","0","1","2013-02-20 00:00:00","true","3"
"Middle Income","101157","1972","42","Gen X","Graduate","Married","Partner","56721","1","1","2012-10-31 00:00:00","true","4"
"Middle Income","101165","1981","33","Millennial","Graduate","Married","Partner","40211","1","1","2013-07-30 00:00:00","true","4"
"Middle Income","101167","1959","55","Baby Boomer","PhD","Married","Partner","75032","0","1","2013-04-28 00:00:00","true","3"
"Middle Income","101170","1975","39","Gen X","Master","Married","Partner","54730","0","1","2013-08-15 00:00:00","true","3"
"Middle Income","101177","1971","43","Gen X","Graduate","Married","Partner","64722","1","0","2014-05-26 00:00:00","true","3"
"Middle Income","101182","1967","47","Gen X","PhD","Married","Partner","59062","2","1","2013-03-10 00:00:00","true","5"
"Middle Income","101190","1975","39","Gen X","Graduate","Married","Partner","65106","0","1","2014-05-24 00:00:00","true","3"
"Middle Income","101191","1965","49","Gen X","PhD","Married","Partner","69969","0","0","2013-08-27 00:00:00","false","2"
"Middle Income","101192","1952","62","Baby Boomer","Graduate","Married","Partner","67433","0","2","2013-07-16 00:00:00","true","4"
"Middle Income","101193","1967","47","Gen X","PhD","Married","Partner","77766","0","1","2013-02-22 00:00:00","true","3"
"Middle Income","101194","1972","42","Gen X","Graduate","Married","Partner","74716","0","1","2013-12-09 00:00:00","true","3"
"Middle Income","101195","1970","44","Gen X","PhD","Married","Partner","55158","1","1","2012-07-30 00:00:00","true","4"
"Middle Income","101196","1955","59","Baby Boomer","Undergraduate","Married","Partner","62972","0","1","2012-03-08 00:00:00","true","3"
"Middle Income","101197","1975","39","Gen X","Graduate","Married","Partner","74190","0","1","2014-12-05 00:00:00","true","3"
"Middle Income","101204","1963","51","Baby Boomer","PhD","Married","Partner","53378","1","1","2012-09-24 00:00:00","true","4"
"Middle Income","101206","1948","66","Baby Boomer","PhD","Married","Partner","45579","0","1","2013-08-20 00:00:00","true","3"
"Middle Income","101208","1944","70","Silent Generation","Graduate","Married","Partner","55956","0","0","2014-07-04 00:00:00","false","2"
"Middle Income","101211","1966","48","Gen X","Master","Married","Partner","57183","1","1","2013-03-19 00:00:00","true","4"
"Middle Income","101213","1971","43","Gen X","Graduate","Married","Partner","66303","0","1","2013-02-26 00:00:00","true","3"
"Middle Income","101215","1964","50","","Graduate","Married","Partner","40800","1","2","2013-01-01 00:00:00","true","5"
"Middle Income","101217","1975","39","Gen X","Graduate","Married","Partner","46149","0","1","2013-11-29 00:00:00","true","3"
"Middle Income","101224","1972","42","Gen X","PhD","Married","Partner","57091","0","1","2012-11-23 00:00:00","true","3"
"Middle Income","101225","1969","45","Gen X","Undergraduate","Married","Partner","46831","1","1","2013-08-06 00:00:00","true","4"
"Middle Income","101227","1971","43","Gen X","Graduate","Married","Partner","52531","0","0","2012-12-30 00:00:00","false","2"
"Middle Income","101229","1973","41","Gen X","Undergraduate","Married","Partner","43050","1","0","2014-03-18 00:00:00","true","3"
"Middle Income","101235","1946","68","Baby Boomer","Graduate","Married","Partner","78569","0","0","2014-02-19 00:00:00","false","2"
"Middle Income","101240","1979","35","Gen X","Graduate","Married","Partner","71626","0","0","2012-01-11 00:00:00","false","2"
"Middle Income","101244","1982","32","Millennial","Graduate","Married","Partner","65169","0","0","2014-01-14 00:00:00","false","2"
"Middle Income","101246","1960","54","Baby Boomer","PhD","Married","Partner","65695","0","1","2014-01-31 00:00:00","true","3"
"Middle Income","101250","1989","25","Millennial","Undergraduate","Married","Partner","59060","1","0","2014-11-01 00:00:00","true","3"
"Middle Income","101253","1973","41","Gen X","Undergraduate","Married","Partner","46094","1","1","2014-10-06 00:00:00","true","4"
"Middle Income","101260","1962","52","Baby Boomer","Master","Married","Partner","72828","0","1","2013-02-14 00:00:00","true","3"
"Middle Income","101262","1975","39","Gen X","PhD","Married","Partner","45503","1","0","2013-09-25 00:00:00","true","3"
"Middle Income","101266","1969","45","Gen X","Graduate","Married","Partner","48752","1","1","2012-12-12 00:00:00","true","4"
"Middle Income","101267","1962","52","Baby Boomer","Graduate","Married","Partner","71434","0","1","2013-09-18 00:00:00","true","3"
"Middle Income","101270","1975","39","Gen X","Graduate","Married","Partner","51948","0","1","2013-09-17 00:00:00","true","3"
"Middle Income","101276","1977","37","Gen X","Master","Married","Partner","43263","0","1","2012-11-21 00:00:00","true","3"
"Middle Income","101284","1965","49","Gen X","Graduate","Married","Partner","69139","0","1","2014-01-27 00:00:00","true","3"
"Middle Income","101285","1982","32","Millennial","Graduate","Married","Partner","69109","0","0","2012-09-11 00:00:00","false","2"
"Middle Income","101299","1958","56","Baby Boomer","Graduate","Married","Partner","67267","0","1","2014-05-13 00:00:00","true","3"
"Middle Income","101302","1969","45","Gen X","PhD","Married","Partner","56242","0","1","2013-03-03 00:00:00","true","3"
"Middle Income","101316","1972","42","Gen X","Master","Married","Partner","53761","1","1","2013-11-10 00:00:00","true","4"
"Middle Income","101321","1956","58","Baby Boomer","Master","Married","Partner","63915","0","2","2013-07-30 00:00:00","true","4"
"Middle Income","101324","1969","45","Gen X","PhD","Married","Partner","51039","1","1","2012-10-12 00:00:00","true","4"
"Middle Income","101325","1961","53","Baby Boomer","Graduate","Married","Partner","60544","1","1","2012-08-25 00:00:00","true","4"
"Middle Income","101328","1970","44","Gen X","Master","Married","Partner","44511","1","0","2012-12-10 00:00:00","true","3"
"Middle Income","101330","1953","61","Baby Boomer","Master","Married","Partner","67087","0","1","2013-12-17 00:00:00","true","3"
"Middle Income","101331","1950","64","Baby Boomer","Graduate","Married","Partner","57045","0","1","2012-08-09 00:00:00","true","3"
"Middle Income","101333","1977","37","Gen X","PhD","Married","Partner","69389","0","1","2012-09-28 00:00:00","true","3"
"Middle Income","101334","1969","45","Gen X","Master","Married","Partner","43142","1","1","2014-02-18 00:00:00","true","4"
"Middle Income","101345","1972","42","Gen X","PhD","Married","Partner","43269","1","0","2013-09-16 00:00:00","true","3"
"Middle Income","101354","1964","50","","Graduate","Married","Partner","42523","0","0","2014-04-23 00:00:00","false","2"
"Middle Income","101360","1958","56","Baby Boomer","Graduate","Married","Partner","51876","0","0","2013-10-15 00:00:00","false","2"
"Middle Income","101361","1971","43","Gen X","Undergraduate","Married","Partner","78041","0","0","2012-12-16 00:00:00","false","2"
"Middle Income","101362","1957","57","Baby Boomer","Graduate","Married","Partner","52852","0","1","2012-01-12 00:00:00","true","3"
"Middle Income","101366","1965","49","Gen X","Graduate","Married","Partner","77343","0","0","2014-09-06 00:00:00","false","2"
"Middle Income","101379","1953","61","Baby Boomer","Graduate","Married","Partner","50725","0","1","2013-02-13 00:00:00","true","3"
"Middle Income","101380","1950","64","Baby Boomer","PhD","Married","Partner","41145","1","1","2014-08-02 00:00:00","true","4"
"Middle Income","101386","1958","56","Baby Boomer","Graduate","Married","Partner","65148","0","1","2012-11-16 00:00:00","true","3"
"Middle Income","101388","1970","44","Gen X","PhD","Married","Partner","59892","0","1","2013-02-11 00:00:00","true","3"
"Middle Income","101390","1961","53","Baby Boomer","PhD","Married","Partner","57072","0","1","2014-01-24 00:00:00","true","3"
"Middle Income","101397","1955","59","Baby Boomer","Graduate","Married","Partner","76998","0","1","2013-11-01 00:00:00","true","3"
"Middle Income","101399","1971","43","Gen X","PhD","Married","Partner","60585","1","1","2013-06-24 00:00:00","true","4"
"Middle Income","101404","1959","55","Baby Boomer","Graduate","Married","Partner","65492","0","0","2014-01-26 00:00:00","false","2"
"Middle Income","101408","1988","26","Millennial","Graduate","Married","Partner","68487","0","0","2013-01-13 00:00:00","false","2"
"Middle Income","101410","1977","37","Gen X","Graduate","Married","Partner","42014","1","0","2012-08-17 00:00:00","true","3"
"Middle Income","101411","1973","41","Gen X","Master","Married","Partner","54108","1","1","2012-05-11 00:00:00","true","4"
"Middle Income","101413","1974","40","Gen X","Master","Married","Partner","63206","0","0","2014-03-20 00:00:00","false","2"
"Middle Income","101414","1972","42","Gen X","Master","Married","Partner","57136","1","1","2013-09-07 00:00:00","true","4"
"Middle Income","101416","1971","43","Gen X","PhD","Married","Partner","78931","0","0","2013-10-25 00:00:00","false","2"
"Middle Income","101418","1965","49","Gen X","Graduate","Married","Partner","73538","0","1","2012-11-25 00:00:00","true","3"
"Middle Income","101419","1986","28","Millennial","Graduate","Married","Partner","79529","0","0","2014-04-27 00:00:00","false","2"
"Middle Income","101422","1962","52","Baby Boomer","Graduate","Married","Partner","55759","0","1","2012-11-28 00:00:00","true","3"
"Middle Income","101429","1976","38","Gen X","Graduate","Married","Partner","58597","1","1","2012-11-20 00:00:00","true","4"
"Middle Income","101434","1975","39","Gen X","Undergraduate","Married","Partner","57036","0","1","2012-11-12 00:00:00","true","3"
"Middle Income","101436","1975","39","Gen X","PhD","Married","Partner","69283","0","1","2014-06-14 00:00:00","true","3"
"Middle Income","101441","1971","43","Gen X","PhD","Married","Partner","71969","0","1","2012-10-16 00:00:00","true","3"
"Middle Income","101445","1978","36","Gen X","Graduate","Married","Partner","65819","0","0","2012-11-29 00:00:00","false","2"
"Middle Income","101453","1965","49","Gen X","Undergraduate","Married","Partner","76800","0","0","2014-08-03 00:00:00","false","2"
"Middle Income","101454","1956","58","Baby Boomer","Graduate","Married","Partner","63943","0","1","2012-02-09 00:00:00","true","3"
"Middle Income","101462","1985","29","Millennial","Graduate","Married","Partner","44322","1","0","2014-06-16 00:00:00","true","3"
"Middle Income","101466","1950","64","Baby Boomer","PhD","Married","Partner","55517","1","1","2012-09-27 00:00:00","true","4"
"Middle Income","101467","1957","57","Baby Boomer","PhD","Married","Partner","75283","1","2","2013-03-27 00:00:00","true","5"
"Middle Income","101478","1965","49","Gen X","Graduate","Married","Partner","61482","0","0","2014-06-27 00:00:00","false","2"